branch	commit	files	ahead_of_main	behind_main	added	deleted	tree_hash
HEAD	3108b021d6eb	180365	0	0	0	0	230fbb5495e1
Maine	3108b021d6eb	180365	0	0	0	0	230fbb5495e1
audit/diversity-transmedia-2026-08-09	7804fcdccba1	180361	0	4	0	0	d925590e3c57
braxon-current-preserve-20260507-172011	ced6af253888	11771	0	8	0	0	1b667b079dd1
braxon-dirty-preserve-20260507-172531	92257c89b7bf	11736	1	24	3	0	155a87e559c5
braxon-final-cohesive-stack-20260816	3108b021d6eb	180365	0	0	0	0	230fbb5495e1
codex/seed-citadel-completion	2253f590dabe	180377	20	4	16	0	bdb76e64aec2
main	3108b021d6eb	180365	0	0	0	0	230fbb5495e1
nsq-cohesion-rebuild-20260816	ced6af253888	11771	0	8	0	0	1b667b079dd1
nsq-cohesive-rebuild-20260816	e35e69729f40	11777	1	8	6	0	dc23a88fff1f
nsq-final-reconstruction-20260816	373fbba95919	11779	8	8	8	0	096db9da4907
phone/citadel699-route-gates-20260508_165115	06f7c9abe018	180361	0	6	0	0	d925590e3c57
reconstruction-final-20260816	56abe679e12b	180369	8	0	4	0	0e1e99cb8174
reconstruction-final-20260816-worker-test	b3741fabdac4	180367	5	0	2	0	92f79d673699
triage	b5cbe4f01ae2	180881	1	6	543	23	fe222ca912af
worker-execution	b3741fabdac4	180367	5	0	2	0	92f79d673699
worker-execution-2	b3741fabdac4	180367	5	0	2	0	92f79d673699
worker-execution-3	b3741fabdac4	180367	5	0	2	0	92f79d673699
worker-execution-final	b3741fabdac4	180367	5	0	2	0	92f79d673699
worker-execution-live	b3741fabdac4	180367	5	0	2	0	92f79d673699
wowas-full-construction	0a6bfd1246b5	180362	0	3	0	0	63b1f1654a83
wowas-full-construction-20260816	beb43df7ff02	180374	12	3	12	0	b4819830299b
wowas/full-construction-20260816	0a6bfd1246b5	180362	0	3	0	0	63b1f1654a83
