book	marker	title
Book_01_Choices_Make_World	B01_000	The Shattered Song Prophecy
Book_01_Choices_Make_World	B01_001	The Fifteenth Birthday
Book_01_Choices_Make_World	B01_002	Mack And The Oasis
Book_01_Choices_Make_World	B01_002A	The Quicksilver Test
Book_01_Choices_Make_World	B01_003	The Restricted Section
Book_01_Choices_Make_World	B01_003A	The Travellers Codex
Book_01_Choices_Make_World	B01_004	The Blank Diary And Blue Light
Book_01_Choices_Make_World	B01_004A	Find The Wound That Does Not Heal
Book_01_Choices_Make_World	B01_005	Xethrolund The First True Thread
Book_01_Choices_Make_World	B01_006	The Slow Dehumanization
Book_01_Choices_Make_World	B01_007	The Betrayal Seed
Book_01_Choices_Make_World	B01_008	The First Threshold
Book_01_Choices_Make_World	B01.17	The Sanctuary Is Real Enough to Hurt
Book_01_Choices_Make_World	B01.18	The Last Push Before Shelter
Book_01_Choices_Make_World	B01.19	Crossing into Mack
Book_01_Choices_Make_World	B01.20	The Wounded Guest of the Oasis
Book_01_Choices_Make_World	B01.21	The Dream Returns Under Sanctuary Light
Book_01_Choices_Make_World	B01.22	The Oasis Learns a New Orbit
Book_01_Choices_Make_World	B01.23	The World Outside Keeps Building
Book_01_Choices_Make_World	B01.24	The First Book Finds Its Larger Shape
Book_01_Choices_Make_World	B01.25	The Outside World Demands Him Back
Book_01_Choices_Make_World	B01.26	A World of Duties, A Heart of Threads
Book_01_Choices_Make_World	B01.27	The Warden Walks with Witnesses Now
Book_01_Choices_Make_World	B01.28	The Future Starts Answering Back
Book_01_Choices_Make_World	B01.29	Rylos Vayne Johnson Is Waiting Inside the Next Choice
Book_01_Choices_Make_World	B01.30	The World Wants More Than One Boy Can Hold
Book_01_Choices_Make_World	B01.31	The Blue Thread Wants a Place in the Day
Book_01_Choices_Make_World	B01.32	The Oasis Has a Daily Life Worth Defending
Book_01_Choices_Make_World	B01.33	Pip Is Not the Only One Who Changes the Room
Book_01_Choices_Make_World	B01.34	The Prophecy Wants More Than Fear
Book_01_Choices_Make_World	B01.35	The Wounded World Still Needs a Warden
Book_01_Choices_Make_World	B01.36	Rylos Vayne Johnson's Story Does Not End at Rescue
Book_01_Choices_Make_World	B01.37	The Future Starts Looking at the Pair
Book_01_Choices_Make_World	B01.38	Book One Locks the First Great Constellation
Book_01_Choices_Make_World	B01.39	The Sanctuary Becomes a Launch Point Again
Book_01_Choices_Make_World	B01.40	Book One Learns to Hold a Broader Cast
Book_01_Choices_Make_World	B01.41	The First Book Prepares Its Exit Velocity
Book_02_The_Diary_And_The_Blue_Light	B02_000	Vault Of Whispers
Book_02_The_Diary_And_The_Blue_Light	B02_001	The Rift Escalates
Book_02_The_Diary_And_The_Blue_Light	B02_001A	The Wounded Rabbit In The Market
Book_02_The_Diary_And_The_Blue_Light	B02_001B	The Healing That Does Not Hold
Book_02_The_Diary_And_The_Blue_Light	B02_001C	The First Sign Of Trouble At The Market
Book_02_The_Diary_And_The_Blue_Light	B02_002	The Betrayal Executes
Book_02_The_Diary_And_The_Blue_Light	B02_003	The Diamond Break Window
Book_02_The_Diary_And_The_Blue_Light	B02_004	Mack Sacrifice
Book_02_The_Diary_And_The_Blue_Light	B02_005	Xethrolund Portal Arrival
Book_02_The_Diary_And_The_Blue_Light	B02_006	Stasis
Book_02_The_Diary_And_The_Blue_Light	B02.01	Sanctuary Aftershock
Book_02_The_Diary_And_The_Blue_Light	B02.02	The Diary Enters the Orbit
Book_02_The_Diary_And_The_Blue_Light	B02.03	Reading Changes the Air
Book_02_The_Diary_And_The_Blue_Light	B02.04	Blue Light in Daylight
Book_02_The_Diary_And_The_Blue_Light	B02.05	Rylos Vayne Johnson and the Written World
Book_02_The_Diary_And_The_Blue_Light	B02.06	The Oasis Tries to Stay Ordinary
Book_02_The_Diary_And_The_Blue_Light	B02.07	The House Holds Secrets
Book_02_The_Diary_And_The_Blue_Light	B02.08	The Wound and the Word
Book_02_The_Diary_And_The_Blue_Light	B02.09	The World Beyond the Pages
Book_02_The_Diary_And_The_Blue_Light	B02.10	What Mack Does Not Yet Say
Book_02_The_Diary_And_The_Blue_Light	B02.11	The Pair Reads Forward
Book_02_The_Diary_And_The_Blue_Light	B02.12	Book Two Finds Its First Deeper Shape
Book_03_The_First_Thread	B03_001	Diary Correspondence Deepens
Book_03_The_First_Thread	B03_002	The P A P I Reveals Himself
Book_03_The_First_Thread	B03_003	The True Name Recognition
Book_03_The_First_Thread	B03_004	Clarity Anchor Established
Book_03_The_First_Thread	B03.01	The First Thread Reveals Itself
Book_03_The_First_Thread	B03.02	Bond Under Interpretation
Book_03_The_First_Thread	B03.03	The House of Threads
Book_03_The_First_Thread	B03.04	Reading the Living Bond
Book_03_The_First_Thread	B03.05	The World Pulls on the Thread
Book_03_The_First_Thread	B03.06	Mercy Creates Structure
Book_03_The_First_Thread	B03.07	The Pair and the Threshold
Book_03_The_First_Thread	B03.08	The First Thread in the Open
Book_03_The_First_Thread	B03.09	The Cost of Being Bound
Book_03_The_First_Thread	B03.10	Book Three Locks Its First Major Weave
Book_04_Crocodile_Smile	B04_001	Into The Expanse
Book_04_Crocodile_Smile	B04_002	The Wounded Jackrabbit
Book_04_Crocodile_Smile	B04_003	Fleeing The Cockatrice
Book_04_Crocodile_Smile	B04_004	The Rescue Bond
Book_04_Crocodile_Smile	B04_005	The Pocket Sanctuary
Book_04_Crocodile_Smile	B04_006	The Week Of Golden Light
Book_04_Crocodile_Smile	B04.01	The Smile Before the Threat
Book_04_Crocodile_Smile	B04.02	False Safety Has a Shape
Book_04_Crocodile_Smile	B04.03	The Road Carries a Hidden Jaw
Book_04_Crocodile_Smile	B04.04	Mercy Under Suspicion
Book_04_Crocodile_Smile	B04.05	The Sanctuary Tests Every New Face
Book_04_Crocodile_Smile	B04.06	Rylos Sees the Teeth in the Smile
Book_04_Crocodile_Smile	B04.07	The House Refuses to Be Swallowed
Book_04_Crocodile_Smile	B04.08	The First Countermove
Book_04_Crocodile_Smile	B04.09	The Rescue Pattern Deepens
Book_04_Crocodile_Smile	B04.10	Book Four Locks Its First Dangerous Grace
Book_05_Runes_And_Wound	B05_001	Void Fold Week
Book_05_Runes_And_Wound	B05_001A	The Anchor Of False Resonance
Book_05_Runes_And_Wound	B05_002	The Draining Method
Book_05_Runes_And_Wound	B05_003	The Glass Forge Begins
Book_05_Runes_And_Wound	B05_004	The First Surge
Book_05_Runes_And_Wound	B05_005	First Gaslighting
Book_05_Runes_And_Wound	B05_006	Calculated Distancing Begins
Book_05_Runes_And_Wound	B05_006A	The Idealization Stage
Book_05_Runes_And_Wound	B05_006B	The First Disappearance
Book_05_Runes_And_Wound	B05_006C	A Solitary Solstice
Book_05_Runes_And_Wound	B05_006D	A Puzzle Of Behavior
Book_05_Runes_And_Wound	B05.01	The Wound That Does Not Stay Physical
Book_05_Runes_And_Wound	B05.02	Runes in the House
Book_05_Runes_And_Wound	B05.03	The Scar as Archive
Book_05_Runes_And_Wound	B05.04	What the Marks Demand
Book_05_Runes_And_Wound	B05.05	The Road of Signs
Book_05_Runes_And_Wound	B05.06	Pain Has a Grammar
Book_05_Runes_And_Wound	B05.07	What Must Be Carried Forward
Book_05_Runes_And_Wound	B05.08	The First Hard Decoding
Book_05_Runes_And_Wound	B05.09	The House Holds Them One More Time
Book_05_Runes_And_Wound	B05.10	Book Five Locks Its First Deep Cipher
Book_06_The_Refusal_And_The_Wound	B06_001	The Hopeful Wish
Book_06_The_Refusal_And_The_Wound	B06_002	The Tragic Misunderstanding
Book_06_The_Refusal_And_The_Wound	B06_003	Solvaenkyr Steps Over The Root
Book_06_The_Refusal_And_The_Wound	B06_004	The Oasis Library Consult
Book_06_The_Refusal_And_The_Wound	B06_004A	The Book He Was Too Afraid To Read
Book_06_The_Refusal_And_The_Wound	B06_005	The Dark Triad Text
Book_06_The_Refusal_And_The_Wound	B06_006	Abuse Realization
Book_06_The_Refusal_And_The_Wound	B06_006A	Not A Jailer A Shepherd
Book_06_The_Refusal_And_The_Wound	B06.01	Refusal Has a Cost
Book_06_The_Refusal_And_The_Wound	B06.02	What the Refusal Protects
Book_06_The_Refusal_And_The_Wound	B06.03	Training in Private Failure
Book_06_The_Refusal_And_The_Wound	B06.04	The Wound Starts Speaking
Book_06_The_Refusal_And_The_Wound	B06.05	Daisy-May and Majeski Hold the Threshold
Book_06_The_Refusal_And_The_Wound	B06.06	Mack Refuses Smallness
Book_06_The_Refusal_And_The_Wound	B06.07	The Route That Hurts Anyway
Book_06_The_Refusal_And_The_Wound	B06.08	Rylos Will Not Be Misread
Book_06_The_Refusal_And_The_Wound	B06.09	The Refusal Breaks Open
Book_06_The_Refusal_And_The_Wound	B06.10	Book Six Locks Its First Severe Truth
Book_07_The_Rift_Widens	B07_001	The Siege Defense
Book_07_The_Rift_Widens	B07_002	Mack Warns Again
Book_07_The_Rift_Widens	B07_003	Daisy May Arrives For Real
Book_07_The_Rift_Widens	B07_004	Quiet Harvest
Book_07_The_Rift_Widens	B07.01	The First Tear That Will Not Close
Book_07_The_Rift_Widens	B07.02	What Widens Between Worlds
Book_07_The_Rift_Widens	B07.03	Pip Trains Against Silence
Book_07_The_Rift_Widens	B07.04	Rylos Names the Split
Book_07_The_Rift_Widens	B07.05	The Rift Enters the Sanctuary
Book_07_The_Rift_Widens	B07.06	Daisy-May Holds What Words Cannot
Book_07_The_Rift_Widens	B07.07	The Route Fractures
Book_07_The_Rift_Widens	B07.08	What the Rift Wants
Book_07_The_Rift_Widens	B07.09	Pip Refuses Collapse
Book_07_The_Rift_Widens	B07.10	Book Seven Locks Its First Widening Law
Book_09_The_Diamond_Breaks	B09_001	Revelation Of The Vane
Book_09_The_Diamond_Breaks	B09_002	The Choice Trap
Book_09_The_Diamond_Breaks	B09_002A	The Price Of Paralysis
Book_09_The_Diamond_Breaks	B09_002B	The Transmutation Of Despair
Book_09_The_Diamond_Breaks	B09_003	Forced Soul Restoration
Book_09_The_Diamond_Breaks	B09_004	The Diamond Prison Shattered
Book_09_The_Diamond_Breaks	B09_005	Pip Left In Ruins
Book_10_Mack_Falls	B10_000	The Discard
Book_10_Mack_Falls	B10_001	Mack Spends Everything
Book_10_Mack_Falls	B10_002	The Portal He Cuts Open
Book_10_Mack_Falls	B10_003	The Cockatrice Strikes
Book_10_Mack_Falls	B10.01	The Fall Is Felt Before It Is Seen
Book_10_Mack_Falls	B10.02	A Vast Being Can Still Be Hurt
Book_10_Mack_Falls	B10.03	Pip Trains While the Guardian Weakens
Book_10_Mack_Falls	B10.04	The Household Learns to Carry Mack
Book_10_Mack_Falls	B10.05	Ursula Is Felt Through the Wound
Book_10_Mack_Falls	B10.06	Rylos Refuses Despair
Book_10_Mack_Falls	B10.07	Mack Falls Further
Book_10_Mack_Falls	B10.08	Daisy-May Holds the Hurt House
Book_10_Mack_Falls	B10.09	The Cost of Bearing a World
Book_10_Mack_Falls	B10.10	Book Ten Locks Its First Guardian-Fall Law
Book_11_The_Portal_Opens	B11_000	A Glimmer Of Hope
Book_11_The_Portal_Opens	B11_001	Xethrolund Crosses Through
Book_11_The_Portal_Opens	B11_002	He Ran He Came He Arrived
Book_11_The_Portal_Opens	B11_003	The Love Bomb
Book_11_The_Portal_Opens	B11_004	An Illogical Desire
Book_11_The_Portal_Opens	B11.01	The Opening Is Prepared by Damage
Book_11_The_Portal_Opens	B11.02	A Door Is Not a Promise
Book_11_The_Portal_Opens	B11.03	Pip Trains Against Crossing
Book_11_The_Portal_Opens	B11.04	What Must Cross and What Must Stay
Book_11_The_Portal_Opens	B11.05	Ursula Is Nearer on the Other Side
Book_11_The_Portal_Opens	B11.06	Rylos Keeps the Threshold Honest
Book_11_The_Portal_Opens	B11.07	Daisy-May and Majeski Do Not Become Symbols
Book_11_The_Portal_Opens	B11.08	The Crossing Attempt
Book_11_The_Portal_Opens	B11.09	What Opens Also Separates
Book_11_The_Portal_Opens	B11.10	Book Eleven Locks Its First Threshold Law
Book_12_Stasis	B12_001	The Stasis Cast
Book_12_Stasis	B12_002	The Frozen Hand
Book_12_Stasis	B12_003	The Calculation Of Worth
Book_12_Stasis	B12.01	Motion Stops Without Becoming Peace
Book_12_Stasis	B12.02	What Stasis Preserves and What It Prevents
Book_12_Stasis	B12.03	Pip Trains Inside a Frozen Field
Book_12_Stasis	B12.04	The Household Learns the Cost of Waiting
Book_12_Stasis	B12.05	Ursula in Suspension
Book_12_Stasis	B12.06	Rylos Keeps Pip From Freezing Wrong
Book_12_Stasis	B12.07	Daisy-May and Majeski Remain Living Truth
Book_12_Stasis	B12.08	A Hairline Shift in the Held Field
Book_12_Stasis	B12.09	What Must Be Ready Before Motion Returns
Book_12_Stasis	B12.10	Book Twelve Locks Its First Stasis Law
Book_13_The_Afterwake	B13_001	The First Exhale After Stasis
Book_13_The_Afterwake	B13_002	A New Baseline With Xethrolund
Book_13_The_Afterwake	B13_003	The World Is Not Back
Book_13_The_Afterwake	B13_004	An Agonizing Restoration
Book_13_The_Afterwake	B13.01	Motion Returns Wrong Before It Returns Right
Book_13_The_Afterwake	B13.02	The World Remembers What It Was Forced to Hold
Book_13_The_Afterwake	B13.03	Pip Trains Against the New Noise
Book_13_The_Afterwake	B13.04	The Household Relearns Daily Life
Book_13_The_Afterwake	B13.05	Ursula After the Hold
Book_13_The_Afterwake	B13.06	Rylos Keeps the Recovery Honest
Book_13_The_Afterwake	B13.07	Daisy-May and Majeski Continue Unbroken
Book_13_The_Afterwake	B13.08	The First Real Reorientation
Book_13_The_Afterwake	B13.09	What Survives Must Be Chosen Again
Book_13_The_Afterwake	B13.10	Book Thirteen Locks Its First Afterwake Law
Book_14_The_Long_Reorientation	B14_101	Routine = Mercy
Book_14_The_Long_Reorientation	B14_102	Care = Clarity
Book_14_The_Long_Reorientation	B14_103	Changed ≠ Healed
Book_14_The_Long_Reorientation	B14_104	Nearness ≠ Repair
Book_14_The_Long_Reorientation	B14.01	Reorientation Becomes a Way of Living
Book_14_The_Long_Reorientation	B14.02	What Cannot Be Recovered Must Be Rebuilt
Book_14_The_Long_Reorientation	B14.03	Pip Trains for a World That Keeps Changing
Book_14_The_Long_Reorientation	B14.04	The Orbit of the Household Changes
Book_14_The_Long_Reorientation	B14.05	Ursula Remains Below Every Adjustment
Book_14_The_Long_Reorientation	B14.06	Rylos Keeps the Future From Going False
Book_14_The_Long_Reorientation	B14.07	Daisy-May and Majeski Remain Anchor Truth
Book_14_The_Long_Reorientation	B14.08	A New Daily Route
Book_14_The_Long_Reorientation	B14.09	What Long Work Makes Possible
Book_14_The_Long_Reorientation	B14.10	Book Fourteen Locks Its First Reorientation Law
Book_15_Suffocating_In_Silence	B15_101	Descent = Choice
Book_15_Suffocating_In_Silence	B15_102	Boundary = Trust
Book_15_Suffocating_In_Silence	B15_103	Memory = Guidance
Book_15_Suffocating_In_Silence	B15.01	Silence Stops Being Shelter
Book_15_Suffocating_In_Silence	B15.02	What Silence Protects and What It Smothers
Book_15_Suffocating_In_Silence	B15.03	Pip Trains Against Muteness
Book_15_Suffocating_In_Silence	B15.04	The Household Cannot Breathe Cleanly
Book_15_Suffocating_In_Silence	B15.05	Ursula Under the Silence Layer
Book_15_Suffocating_In_Silence	B15.06	Rylos Breaks the Wrong Quiet
Book_15_Suffocating_In_Silence	B15.07	Daisy-May and Majeski Remain Breathing Truth
Book_15_Suffocating_In_Silence	B15.08	The First Full Breath
Book_15_Suffocating_In_Silence	B15.09	What Silence Leaves Behind
Book_15_Suffocating_In_Silence	B15.10	Book Fifteen Locks Its First Suffocation Law
Book_16_The_Deepening_World	B16_101	Stone ≈ Mother
Book_16_The_Deepening_World	B16_102	Systems = Witness
Book_16_The_Deepening_World	B16_103	Archive = Burden
Book_16_The_Deepening_World	B16.01	The World Gets Larger Than Their Current Shape
Book_16_The_Deepening_World	B16.02	More World Means More Consequence
Book_16_The_Deepening_World	B16.03	Pip Trains Against Scale
Book_16_The_Deepening_World	B16.04	The Household Needs a Larger Shape
Book_16_The_Deepening_World	B16.05	Ursula Beneath the Deepening
Book_16_The_Deepening_World	B16.06	Rylos Keeps Expansion Honest
Book_16_The_Deepening_World	B16.07	Daisy-May and Majeski Remain True in the Larger Field
Book_16_The_Deepening_World	B16.08	The First Major Outer Reach
Book_16_The_Deepening_World	B16.09	What Deepening Demands of Love
Book_16_The_Deepening_World	B16.10	Book Sixteen Locks Its First Deepening Law
Book_17_Black_Heart_Scar	B17_101	Weather = Warning
Book_17_Black_Heart_Scar	B17_102	Boundary = Omen
Book_17_Black_Heart_Scar	B17_103	Seeing ≠ Fixing
Book_17_Black_Heart_Scar	B17.01	The Scar Is Older Than the Current Wound
Book_17_Black_Heart_Scar	B17.02	A Scar Is a Memory That Shapes the Present
Book_17_Black_Heart_Scar	B17.03	Pip Trains Against Inherited Weight
Book_17_Black_Heart_Scar	B17.04	The Household Encounters an Older Darkness
Book_17_Black_Heart_Scar	B17.05	Ursula Beneath the Scar
Book_17_Black_Heart_Scar	B17.06	Rylos Refuses the Scar's Authority
Book_17_Black_Heart_Scar	B17.07	Daisy-May and Majeski Remain Uncorrupted Truth
Book_17_Black_Heart_Scar	B17.08	The First Direct Contact with the Scar Zone
Book_17_Black_Heart_Scar	B17.09	What Old Harm Wants from Love
Book_17_Black_Heart_Scar	B17.10	Book Seventeen Locks Its First Scar Law
Book_18_Strange_Gravity	B18_101	Archive ≠ Safe
Book_18_Strange_Gravity	B18_102	Broken = Witnessed
Book_18_Strange_Gravity	B18_103	Altered = Useful
Book_18_Strange_Gravity	B18.01	Gravity Changes Before Anyone Admits It
Book_18_Strange_Gravity	B18.02	What Pulls Hardest Is Not Always Visible
Book_18_Strange_Gravity	B18.03	Pip Trains in a Field That Won't Hold Still
Book_18_Strange_Gravity	B18.04	The Household Has to Rebalance
Book_18_Strange_Gravity	B18.05	Ursula Beneath the Pull
Book_18_Strange_Gravity	B18.06	Rylos Refuses False Centers
Book_18_Strange_Gravity	B18.07	Daisy-May and Majeski Remain Steady Mass
Book_18_Strange_Gravity	B18.08	The First Major Drift Event
Book_18_Strange_Gravity	B18.09	What Gravity Does to Love
Book_18_Strange_Gravity	B18.10	Book Eighteen Locks Its First Gravity Law
Book_19_The_Cracking_Core	B19_101	Forest = Bleeding
Book_19_The_Cracking_Core	B19_102	Core ≠ Hidden
Book_19_The_Cracking_Core	B19_103	Mirror ≈ Debt
Book_19_The_Cracking_Core	B19.01	The Core Stops Feeling Abstract
Book_19_The_Cracking_Core	B19.02	Every Surface Problem Starts Reading Deeper
Book_19_The_Cracking_Core	B19.03	Pip Trains Against an Impossible Scale
Book_19_The_Cracking_Core	B19.04	The Household Has to Live Above the Crack
Book_19_The_Cracking_Core	B19.05	Ursula at the Center of the Center
Book_19_The_Cracking_Core	B19.06	Rylos Refuses to Let the Core Define the Whole
Book_19_The_Cracking_Core	B19.07	Daisy-May and Majeski Remain Truth Above the Depth
Book_19_The_Cracking_Core	B19.08	The First Direct Core Shock
Book_19_The_Cracking_Core	B19.09	What the Core Does to Love and Fear
Book_19_The_Cracking_Core	B19.10	Book Nineteen Locks Its First Core Law
Book_20_The_Beforemath	B20_101	Stone = Voice
Book_20_The_Beforemath	B20_102	Reflection ≠ Return
Book_20_The_Beforemath	B20_103	Calm = Pressure
Book_20_The_Beforemath	B20.01	The Damage Arrives Before the Event Is Over
Book_20_The_Beforemath	B20.02	Preparation Becomes Mourning in Advance
Book_20_The_Beforemath	B20.03	Pip Trains While the World Is Leaning Forward
Book_20_The_Beforemath	B20.04	The Household Learns to Live in the Lean
Book_20_The_Beforemath	B20.05	Ursula Within the Beforemath
Book_20_The_Beforemath	B20.06	Rylos Refuses Premature Collapse
Book_20_The_Beforemath	B20.07	Daisy-May and Majeski Remain the Household's True Axis
Book_20_The_Beforemath	B20.08	The First Partial Break
Book_20_The_Beforemath	B20.09	What the Beforemath Does to Love
Book_20_The_Beforemath	B20.10	Book Twenty Locks Its First Beforemath Law
Book_21_The_Final_Descent	B21_101	Roots = Revelation
Book_21_The_Final_Descent	B21_102	Descent = Inheritance
Book_21_The_Final_Descent	B21_103	Return = Marked
Book_21_The_Final_Descent	B21.01	Descent Stops Being Metaphor
Book_21_The_Final_Descent	B21.02	What Lies Below Has Been Governing Above
Book_21_The_Final_Descent	B21.03	Pip Trains Before Going Lower
Book_21_The_Final_Descent	B21.04	The Household Reorients Around Going Down
Book_21_The_Final_Descent	B21.05	Ursula Draws Nearer Through Descent
Book_21_The_Final_Descent	B21.06	Rylos Refuses Depth Worship
Book_21_The_Final_Descent	B21.07	Daisy-May and Majeski Remain True at the Brink
Book_21_The_Final_Descent	B21.08	The First Committed Lowering
Book_21_The_Final_Descent	B21.09	What Descent Does to Love
Book_21_The_Final_Descent	B21.10	Book Twenty-One Locks Its First Descent Law
Book_22_The_Last_Open_Gate	B22_101	Gate = Judgment
Book_22_The_Last_Open_Gate	B22_102	Core = Mother
Book_22_The_Last_Open_Gate	B22_103	Cost = Reader
Book_22_The_Last_Open_Gate	B22.01	The Gate Stays Open Long Enough to Become Terrifying
Book_22_The_Last_Open_Gate	B22.02	An Opening Rearranges Everyone Around It
Book_22_The_Last_Open_Gate	B22.03	Pip Trains with the Gate in Mind
Book_22_The_Last_Open_Gate	B22.04	The Household Learns Threshold Discipline
Book_22_The_Last_Open_Gate	B22.05	Ursula and the Gate
Book_22_The_Last_Open_Gate	B22.06	Rylos Refuses Threshold Fever
Book_22_The_Last_Open_Gate	B22.07	Daisy-May and Majeski Remain Household Truth at the Threshold
Book_22_The_Last_Open_Gate	B22.08	The First True Threshold Test
Book_22_The_Last_Open_Gate	B22.09	What Gates Do to Love
Book_22_The_Last_Open_Gate	B22.10	Book Twenty-Two Locks Its First Gate Law
Book_23_The_Final_Resonance	B23_101	Geode = Mother
Book_23_The_Final_Resonance	B23_102	Death = Rebirth
Book_23_The_Final_Resonance	B23_103	Grounding = Love
Book_23_The_Final_Resonance	B23.01	Resonance Stops Being Theory
Book_23_The_Final_Resonance	B23.02	The World Starts Talking Back
Book_23_The_Final_Resonance	B23.03	Pip Trains Inside Echo and Return
Book_23_The_Final_Resonance	B23.04	The Household Learns Resonance Discipline
Book_23_The_Final_Resonance	B23.05	Ursula Beneath the Final Resonance
Book_23_The_Final_Resonance	B23.06	Rylos Refuses Echo Worship
Book_23_The_Final_Resonance	B23.07	Daisy-May and Majeski Remain True in the Answering World
Book_23_The_Final_Resonance	B23.08	The First True Harmonic Convergence
Book_23_The_Final_Resonance	B23.09	What Resonance Does to Love
Book_23_The_Final_Resonance	B23.10	Book Twenty-Three Locks Its First Resonance Law
Book_24_Born_To_Die	B24_101	Nearness = Terminus
Book_24_Born_To_Die	B24_102	Presence ≠ Solved
Book_24_Born_To_Die	B24_103	Ghost = Obligation
Book_24_Born_To_Die	B24.01	Death Stops Being Future Tense
Book_24_Born_To_Die	B24.02	Mortality Rearranges Value
Book_24_Born_To_Die	B24.03	Pip Trains Under Death Pressure
Book_24_Born_To_Die	B24.04	The Household Learns to Live With Terminal Knowledge
Book_24_Born_To_Die	B24.05	Ursula Beneath the Death Book
Book_24_Born_To_Die	B24.06	Rylos Refuses Death Worship
Book_24_Born_To_Die	B24.07	Daisy-May and Majeski Remain Living Truth
Book_24_Born_To_Die	B24.08	The First Terminal Shock
Book_24_Born_To_Die	B24.09	What Mortality Does to Love
Book_24_Born_To_Die	B24.10	Book Twenty-Four Locks Its First Death Law
Book_25_Death_Is_Rebirth	B25_001	Blood Cello
Book_25_Death_Is_Rebirth	B25_101	Farewell = Instrument
Book_25_Death_Is_Rebirth	B25_102	Waking = Proof
Book_25_Death_Is_Rebirth	B25_103	Rebirth = Obligation
Book_25_Death_Is_Rebirth	B25.01	Rebirth Is Not Relief
Book_25_Death_Is_Rebirth	B25.02	What Survives Is Not Always What Was
Book_25_Death_Is_Rebirth	B25.03	Pip Trains Under Transformational Pressure
Book_25_Death_Is_Rebirth	B25.04	The Household Learns to Stand in Ending and Beginning
Book_25_Death_Is_Rebirth	B25.05	Ursula Beneath the Rebirth Book
Book_25_Death_Is_Rebirth	B25.06	Rylos Refuses Rebirth Fantasy
Book_25_Death_Is_Rebirth	B25.07	Daisy-May and Majeski Remain Living Continuity
Book_25_Death_Is_Rebirth	B25.08	The First True Transformational Shock
Book_25_Death_Is_Rebirth	B25.09	What Rebirth Does to Love
Book_25_Death_Is_Rebirth	B25.10	Book Twenty-Five Locks Its First Rebirth Law
