B01.17	MAIN	characters: [Indalwin, Zaz, Rylos Vayne Johnson]	mac_context: Great Willow (0.5mi)
B01.18	MAIN	characters: [Indalwin, Zaz, Rylos Vayne Johnson]	mac_context: Great Willow (0.5mi)
B01.19	MAIN	characters: [Indalwin, Zaz, Rylos Vayne Johnson]	mac_context: Great Willow (0.5mi)
B01.20	MAIN	characters: [Indalwin, Zaz, Rylos Vayne Johnson]	mac_context: Great Willow (0.5mi)
B01.21	MAIN	characters: [Indalwin, Zaz, Rylos Vayne Johnson]	mac_context: Great Willow (0.5mi)
B01.22	MAIN	characters: [Indalwin, Zaz, Rylos Vayne Johnson]	mac_context: Great Willow (0.5mi)
B01.23	MAIN	characters: [Indalwin, Zaz, Rylos Vayne Johnson]	mac_context: Great Willow (0.5mi)
B01.24	MAIN	characters: [Indalwin, Zaz, Rylos Vayne Johnson]	mac_context: Great Willow (0.5mi)
B01.25	MAIN	characters: [Indalwin, Zaz, Rylos Vayne Johnson]	mac_context: Great Willow (0.5mi)
B01.26	MAIN	characters: [Indalwin, Zaz, Rylos Vayne Johnson]	mac_context: Great Willow (0.5mi)
B01.27	MAIN	characters: [Indalwin, Zaz, Rylos Vayne Johnson]	mac_context: Great Willow (0.5mi)
B01.28	MAIN	characters: [Indalwin, Zaz, Rylos Vayne Johnson]	mac_context: Great Willow (0.5mi)
B01.29	MAIN	characters: [Indalwin, Zaz, Rylos Vayne Johnson]	mac_context: Great Willow (0.5mi)
B01.30	MAIN	characters: [Indalwin, Zaz, Rylos Vayne Johnson]	mac_context: Great Willow (0.5mi)
B01.31	MAIN	characters: [Indalwin, Zaz, Rylos Vayne Johnson]	mac_context: Great Willow (0.5mi)
B01.32	MAIN	characters: [Indalwin, Zaz, Rylos Vayne Johnson]	mac_context: Great Willow (0.5mi)
B01.33	MAIN	characters: [Indalwin, Zaz, Rylos Vayne Johnson]	mac_context: Great Willow (0.5mi)
B01.34	MAIN	characters: [Indalwin, Zaz, Rylos Vayne Johnson]	mac_context: Great Willow (0.5mi)
B01.35	MAIN	characters: [Indalwin, Zaz, Rylos Vayne Johnson]	mac_context: Great Willow (0.5mi)
B01.36	MAIN	characters: [Indalwin, Zaz, Rylos Vayne Johnson]	mac_context: Great Willow (0.5mi)
B01.37	MAIN	characters: [Indalwin, Zaz, Rylos Vayne Johnson]	mac_context: Great Willow (0.5mi)
B01.38	MAIN	characters: [Indalwin, Zaz, Rylos Vayne Johnson]	mac_context: Great Willow (0.5mi)
B01.39	MAIN	characters: [Indalwin, Zaz, Rylos Vayne Johnson]	mac_context: Great Willow (0.5mi)
B01.40	MAIN	characters: [Indalwin, Zaz, Rylos Vayne Johnson]	mac_context: Great Willow (0.5mi)
B01.41	MAIN	characters: [Indalwin, Zaz, Rylos Vayne Johnson]	mac_context: Great Willow (0.5mi)
B02.01	MAIN	characters: [Indalwin, Zaz, Rylos Vayne Johnson]	mac_context: Great Willow (0.5mi)
B02.02	MAIN	characters: [Indalwin, Zaz, Rylos Vayne Johnson]	mac_context: Great Willow (0.5mi)
B02.03	MAIN	characters: [Indalwin, Zaz, Rylos Vayne Johnson]	mac_context: Great Willow (0.5mi)
B02.04	MAIN	characters: [Indalwin, Zaz, Rylos Vayne Johnson]	mac_context: Great Willow (0.5mi)
B02.05	MAIN	characters: [Indalwin, Zaz, Rylos Vayne Johnson]	mac_context: Great Willow (0.5mi)
B02.06	MAIN	characters: [Indalwin, Zaz, Rylos Vayne Johnson]	mac_context: Great Willow (0.5mi)
B02.07	MAIN	characters: [Indalwin, Zaz, Rylos Vayne Johnson]	mac_context: Great Willow (0.5mi)
B02.08	MAIN	characters: [Indalwin, Zaz, Rylos Vayne Johnson]	mac_context: Great Willow (0.5mi)
B02.09	MAIN	characters: [Indalwin, Zaz, Rylos Vayne Johnson]	mac_context: Great Willow (0.5mi)
B02.10	MAIN	characters: [Indalwin, Zaz, Rylos Vayne Johnson]	mac_context: Great Willow (0.5mi)
B02.11	MAIN	characters: [Indalwin, Zaz, Rylos Vayne Johnson]	mac_context: Great Willow (0.5mi)
B02.12	MAIN	characters: [Indalwin, Zaz, Rylos Vayne Johnson]	mac_context: Great Willow (0.5mi)
B02.01	MAIN	characters: [Indalwin, Zaz, Rylos Vayne Johnson]	mac_context: Great Willow (0.5mi)
B02.02	MAIN	characters: [Indalwin, Zaz, Rylos Vayne Johnson]	mac_context: Great Willow (0.5mi)
B02.03	MAIN	characters: [Indalwin, Zaz, Rylos Vayne Johnson]	mac_context: Great Willow (0.5mi)
B02.04	MAIN	characters: [Indalwin, Zaz, Rylos Vayne Johnson]	mac_context: Great Willow (0.5mi)
B02.05	MAIN	characters: [Indalwin, Zaz, Rylos Vayne Johnson]	mac_context: Great Willow (0.5mi)
B02.06	MAIN	characters: [Indalwin, Zaz, Rylos Vayne Johnson]	mac_context: Great Willow (0.5mi)
B02.07	MAIN	characters: [Indalwin, Zaz, Rylos Vayne Johnson]	mac_context: Great Willow (0.5mi)
B02.08	MAIN	characters: [Indalwin, Zaz, Rylos Vayne Johnson]	mac_context: Great Willow (0.5mi)
B02.09	MAIN	characters: [Indalwin, Zaz, Rylos Vayne Johnson]	mac_context: Great Willow (0.5mi)
B02.10	MAIN	characters: [Indalwin, Zaz, Rylos Vayne Johnson]	mac_context: Great Willow (0.5mi)
B02.11	MAIN	characters: [Indalwin, Zaz, Rylos Vayne Johnson]	mac_context: Great Willow (0.5mi)
B02.12	MAIN	characters: [Indalwin, Zaz, Rylos Vayne Johnson]	mac_context: Great Willow (0.5mi)
B03.01	MAIN	characters: [Indalwin, Zaz, Rylos Vayne Johnson]	mac_context: Great Willow (0.5mi)
B03.02	MAIN	characters: [Indalwin, Zaz, Rylos Vayne Johnson]	mac_context: Great Willow (0.5mi)
B03.03	MAIN	characters: [Indalwin, Zaz, Rylos Vayne Johnson]	mac_context: Great Willow (0.5mi)
B03.04	MAIN	characters: [Indalwin, Zaz, Rylos Vayne Johnson]	mac_context: Great Willow (0.5mi)
B03.05	MAIN	characters: [Indalwin, Zaz, Rylos Vayne Johnson]	mac_context: Great Willow (0.5mi)
B03.06	MAIN	characters: [Indalwin, Zaz, Rylos Vayne Johnson]	mac_context: Great Willow (0.5mi)
B03.07	MAIN	characters: [Indalwin, Zaz, Rylos Vayne Johnson]	mac_context: Great Willow (0.5mi)
B03.08	MAIN	characters: [Indalwin, Zaz, Rylos Vayne Johnson]	mac_context: Great Willow (0.5mi)
B03.09	MAIN	characters: [Indalwin, Zaz, Rylos Vayne Johnson]	mac_context: Great Willow (0.5mi)
B03.10	MAIN	characters: [Indalwin, Zaz, Rylos Vayne Johnson]	mac_context: Great Willow (0.5mi)
B03.01	MAIN	characters: [Indalwin, Zaz, Rylos Vayne Johnson]	mac_context: Great Willow (0.5mi)
B03.02	MAIN	characters: [Indalwin, Zaz, Rylos Vayne Johnson]	mac_context: Great Willow (0.5mi)
B03.03	MAIN	characters: [Indalwin, Zaz, Rylos Vayne Johnson]	mac_context: Great Willow (0.5mi)
B03.04	MAIN	characters: [Indalwin, Zaz, Rylos Vayne Johnson]	mac_context: Great Willow (0.5mi)
B03.05	MAIN	characters: [Indalwin, Zaz, Rylos Vayne Johnson]	mac_context: Great Willow (0.5mi)
B03.06	MAIN	characters: [Indalwin, Zaz, Rylos Vayne Johnson]	mac_context: Great Willow (0.5mi)
B03.07	MAIN	characters: [Indalwin, Zaz, Rylos Vayne Johnson]	mac_context: Great Willow (0.5mi)
B03.08	MAIN	characters: [Indalwin, Zaz, Rylos Vayne Johnson]	mac_context: Great Willow (0.5mi)
B03.09	MAIN	characters: [Indalwin, Zaz, Rylos Vayne Johnson]	mac_context: Great Willow (0.5mi)
B03.10	MAIN	characters: [Indalwin, Zaz, Rylos Vayne Johnson]	mac_context: Great Willow (0.5mi)
B04.01	MAIN	characters: [Indalwin, Zaz, Rylos Vayne Johnson]	mac_context: Great Willow (0.5mi)
B04.02	MAIN	characters: [Indalwin, Zaz, Rylos Vayne Johnson]	mac_context: Great Willow (0.5mi)
B04.03	MAIN	characters: [Indalwin, Zaz, Rylos Vayne Johnson]	mac_context: Great Willow (0.5mi)
B04.04	MAIN	characters: [Indalwin, Zaz, Rylos Vayne Johnson]	mac_context: Great Willow (0.5mi)
B04.05	MAIN	characters: [Indalwin, Zaz, Rylos Vayne Johnson]	mac_context: Great Willow (0.5mi)
B04.06	MAIN	characters: [Indalwin, Zaz, Rylos Vayne Johnson]	mac_context: Great Willow (0.5mi)
B04.07	MAIN	characters: [Indalwin, Zaz, Rylos Vayne Johnson]	mac_context: Great Willow (0.5mi)
B04.08	MAIN	characters: [Indalwin, Zaz, Rylos Vayne Johnson]	mac_context: Great Willow (0.5mi)
B04.09	MAIN	characters: [Indalwin, Zaz, Rylos Vayne Johnson]	mac_context: Great Willow (0.5mi)
B04.10	MAIN	characters: [Indalwin, Zaz, Rylos Vayne Johnson]	mac_context: Great Willow (0.5mi)
B05.01	MAIN	characters: [Indalwin, Zaz, Rylos Vayne Johnson]	mac_context: Great Willow (0.5mi)
B05.02	MAIN	characters: [Indalwin, Zaz, Rylos Vayne Johnson]	mac_context: Great Willow (0.5mi)
B05.03	MAIN	characters: [Indalwin, Zaz, Rylos Vayne Johnson]	mac_context: Great Willow (0.5mi)
B05.04	MAIN	characters: [Indalwin, Zaz, Rylos Vayne Johnson]	mac_context: Great Willow (0.5mi)
B05.05	MAIN	characters: [Indalwin, Zaz, Rylos Vayne Johnson]	mac_context: Great Willow (0.5mi)
B05.06	MAIN	characters: [Indalwin, Zaz, Rylos Vayne Johnson]	mac_context: Great Willow (0.5mi)
B05.07	MAIN	characters: [Indalwin, Zaz, Rylos Vayne Johnson]	mac_context: Great Willow (0.5mi)
B05.08	MAIN	characters: [Indalwin, Zaz, Rylos Vayne Johnson]	mac_context: Great Willow (0.5mi)
B05.09	MAIN	characters: [Indalwin, Zaz, Rylos Vayne Johnson]	mac_context: Great Willow (0.5mi)
B05.10	MAIN	characters: [Indalwin, Zaz, Rylos Vayne Johnson]	mac_context: Great Willow (0.5mi)
B06.01	MAIN	characters: [Indalwin, Zaz, Rylos Vayne Johnson]	mac_context: Great Willow (0.5mi)
B06.02	MAIN	characters: [Indalwin, Zaz, Rylos Vayne Johnson]	mac_context: Great Willow (0.5mi)
B06.03	MAIN	characters: [Indalwin, Zaz, Rylos Vayne Johnson]	mac_context: Great Willow (0.5mi)
B06.04	MAIN	characters: [Indalwin, Zaz, Rylos Vayne Johnson]	mac_context: Great Willow (0.5mi)
B06.05	MAIN	characters: [Indalwin, Zaz, Rylos Vayne Johnson]	mac_context: Great Willow (0.5mi)
B06.06	MAIN	characters: [Indalwin, Zaz, Rylos Vayne Johnson]	mac_context: Great Willow (0.5mi)
B06.07	MAIN	characters: [Indalwin, Zaz, Rylos Vayne Johnson]	mac_context: Great Willow (0.5mi)
B06.08	MAIN	characters: [Indalwin, Zaz, Rylos Vayne Johnson]	mac_context: Great Willow (0.5mi)
B06.09	MAIN	characters: [Indalwin, Zaz, Rylos Vayne Johnson]	mac_context: Great Willow (0.5mi)
B06.10	MAIN	characters: [Indalwin, Zaz, Rylos Vayne Johnson]	mac_context: Great Willow (0.5mi)
B07.01	MAIN	characters: [Indalwin, Zaz, Rylos Vayne Johnson]	mac_context: Great Willow (0.5mi)
B07.02	MAIN	characters: [Indalwin, Zaz, Rylos Vayne Johnson]	mac_context: Great Willow (0.5mi)
B07.03	MAIN	characters: [Indalwin, Zaz, Rylos Vayne Johnson]	mac_context: Great Willow (0.5mi)
B07.04	MAIN	characters: [Indalwin, Zaz, Rylos Vayne Johnson]	mac_context: Great Willow (0.5mi)
B07.05	MAIN	characters: [Indalwin, Zaz, Rylos Vayne Johnson]	mac_context: Great Willow (0.5mi)
B07.06	MAIN	characters: [Indalwin, Zaz, Rylos Vayne Johnson]	mac_context: Great Willow (0.5mi)
B07.07	MAIN	characters: [Indalwin, Zaz, Rylos Vayne Johnson]	mac_context: Great Willow (0.5mi)
B07.08	MAIN	characters: [Indalwin, Zaz, Rylos Vayne Johnson]	mac_context: Great Willow (0.5mi)
B07.09	MAIN	characters: [Indalwin, Zaz, Rylos Vayne Johnson]	mac_context: Great Willow (0.5mi)
B07.10	MAIN	characters: [Indalwin, Zaz, Rylos Vayne Johnson]	mac_context: Great Willow (0.5mi)
B11.01	MAIN	characters: [Indalwin, Zaz, Rylos Vayne Johnson]	mac_context: Great Willow (0.5mi)
B11.02	MAIN	characters: [Indalwin, Zaz, Rylos Vayne Johnson]	mac_context: Great Willow (0.5mi)
B11.03	MAIN	characters: [Indalwin, Zaz, Rylos Vayne Johnson]	mac_context: Great Willow (0.5mi)
B11.04	MAIN	characters: [Indalwin, Zaz, Rylos Vayne Johnson]	mac_context: Great Willow (0.5mi)
B11.05	MAIN	characters: [Indalwin, Zaz, Rylos Vayne Johnson]	mac_context: Great Willow (0.5mi)
B11.06	MAIN	characters: [Indalwin, Zaz, Rylos Vayne Johnson]	mac_context: Great Willow (0.5mi)
B11.07	MAIN	characters: [Indalwin, Zaz, Rylos Vayne Johnson]	mac_context: Great Willow (0.5mi)
B11.08	MAIN	characters: [Indalwin, Zaz, Rylos Vayne Johnson]	mac_context: Great Willow (0.5mi)
B11.09	MAIN	characters: [Indalwin, Zaz, Rylos Vayne Johnson]	mac_context: Great Willow (0.5mi)
B11.10	MAIN	characters: [Indalwin, Zaz, Rylos Vayne Johnson]	mac_context: Great Willow (0.5mi)
B12.01	MAIN	characters: [Indalwin, Zaz, Rylos Vayne Johnson]	mac_context: Great Willow (0.5mi)
B12.02	MAIN	characters: [Indalwin, Zaz, Rylos Vayne Johnson]	mac_context: Great Willow (0.5mi)
B12.03	MAIN	characters: [Indalwin, Zaz, Rylos Vayne Johnson]	mac_context: Great Willow (0.5mi)
B12.04	MAIN	characters: [Indalwin, Zaz, Rylos Vayne Johnson]	mac_context: Great Willow (0.5mi)
B12.05	MAIN	characters: [Indalwin, Zaz, Rylos Vayne Johnson]	mac_context: Great Willow (0.5mi)
B12.06	MAIN	characters: [Indalwin, Zaz, Rylos Vayne Johnson]	mac_context: Great Willow (0.5mi)
B12.07	MAIN	characters: [Indalwin, Zaz, Rylos Vayne Johnson]	mac_context: Great Willow (0.5mi)
B12.08	MAIN	characters: [Indalwin, Zaz, Rylos Vayne Johnson]	mac_context: Great Willow (0.5mi)
B12.09	MAIN	characters: [Indalwin, Zaz, Rylos Vayne Johnson]	mac_context: Great Willow (0.5mi)
B12.10	MAIN	characters: [Indalwin, Zaz, Rylos Vayne Johnson]	mac_context: Great Willow (0.5mi)
B13.01	MAIN	characters: [Indalwin, Zaz, Rylos Vayne Johnson]	mac_context: Great Willow (0.5mi)
B13.02	MAIN	characters: [Indalwin, Zaz, Rylos Vayne Johnson]	mac_context: Great Willow (0.5mi)
B13.03	MAIN	characters: [Indalwin, Zaz, Rylos Vayne Johnson]	mac_context: Great Willow (0.5mi)
B13.04	MAIN	characters: [Indalwin, Zaz, Rylos Vayne Johnson]	mac_context: Great Willow (0.5mi)
B13.05	MAIN	characters: [Indalwin, Zaz, Rylos Vayne Johnson]	mac_context: Great Willow (0.5mi)
B13.06	MAIN	characters: [Indalwin, Zaz, Rylos Vayne Johnson]	mac_context: Great Willow (0.5mi)
B13.07	MAIN	characters: [Indalwin, Zaz, Rylos Vayne Johnson]	mac_context: Great Willow (0.5mi)
B13.08	MAIN	characters: [Indalwin, Zaz, Rylos Vayne Johnson]	mac_context: Great Willow (0.5mi)
B13.09	MAIN	characters: [Indalwin, Zaz, Rylos Vayne Johnson]	mac_context: Great Willow (0.5mi)
B13.10	MAIN	characters: [Indalwin, Zaz, Rylos Vayne Johnson]	mac_context: Great Willow (0.5mi)
B14.01	MAIN	characters: [Indalwin, Zaz, Rylos Vayne Johnson]	mac_context: Great Willow (0.5mi)
B14.02	MAIN	characters: [Indalwin, Zaz, Rylos Vayne Johnson]	mac_context: Great Willow (0.5mi)
B14.03	MAIN	characters: [Indalwin, Zaz, Rylos Vayne Johnson]	mac_context: Great Willow (0.5mi)
B14.04	MAIN	characters: [Indalwin, Zaz, Rylos Vayne Johnson]	mac_context: Great Willow (0.5mi)
B14.05	MAIN	characters: [Indalwin, Zaz, Rylos Vayne Johnson]	mac_context: Great Willow (0.5mi)
B14.06	MAIN	characters: [Indalwin, Zaz, Rylos Vayne Johnson]	mac_context: Great Willow (0.5mi)
B14.07	MAIN	characters: [Indalwin, Zaz, Rylos Vayne Johnson]	mac_context: Great Willow (0.5mi)
B14.08	MAIN	characters: [Indalwin, Zaz, Rylos Vayne Johnson]	mac_context: Great Willow (0.5mi)
B14.09	MAIN	characters: [Indalwin, Zaz, Rylos Vayne Johnson]	mac_context: Great Willow (0.5mi)
B14.10	MAIN	characters: [Indalwin, Zaz, Rylos Vayne Johnson]	mac_context: Great Willow (0.5mi)
B15.01	MAIN	characters: [Indalwin, Zaz, Rylos Vayne Johnson]	mac_context: Great Willow (0.5mi)
B15.02	MAIN	characters: [Indalwin, Zaz, Rylos Vayne Johnson]	mac_context: Great Willow (0.5mi)
B15.03	MAIN	characters: [Indalwin, Zaz, Rylos Vayne Johnson]	mac_context: Great Willow (0.5mi)
B15.04	MAIN	characters: [Indalwin, Zaz, Rylos Vayne Johnson]	mac_context: Great Willow (0.5mi)
B15.05	MAIN	characters: [Indalwin, Zaz, Rylos Vayne Johnson]	mac_context: Great Willow (0.5mi)
B15.06	MAIN	characters: [Indalwin, Zaz, Rylos Vayne Johnson]	mac_context: Great Willow (0.5mi)
B15.07	MAIN	characters: [Indalwin, Zaz, Rylos Vayne Johnson]	mac_context: Great Willow (0.5mi)
B15.08	MAIN	characters: [Indalwin, Zaz, Rylos Vayne Johnson]	mac_context: Great Willow (0.5mi)
B15.09	MAIN	characters: [Indalwin, Zaz, Rylos Vayne Johnson]	mac_context: Great Willow (0.5mi)
B15.10	MAIN	characters: [Indalwin, Zaz, Rylos Vayne Johnson]	mac_context: Great Willow (0.5mi)
B16.01	MAIN	characters: [Indalwin, Zaz, Rylos Vayne Johnson]	mac_context: Great Willow (0.5mi)
B16.02	MAIN	characters: [Indalwin, Zaz, Rylos Vayne Johnson]	mac_context: Great Willow (0.5mi)
B16.03	MAIN	characters: [Indalwin, Zaz, Rylos Vayne Johnson]	mac_context: Great Willow (0.5mi)
B16.04	MAIN	characters: [Indalwin, Zaz, Rylos Vayne Johnson]	mac_context: Great Willow (0.5mi)
B16.05	MAIN	characters: [Indalwin, Zaz, Rylos Vayne Johnson]	mac_context: Great Willow (0.5mi)
B16.06	MAIN	characters: [Indalwin, Zaz, Rylos Vayne Johnson]	mac_context: Great Willow (0.5mi)
B16.07	MAIN	characters: [Indalwin, Zaz, Rylos Vayne Johnson]	mac_context: Great Willow (0.5mi)
B16.08	MAIN	characters: [Indalwin, Zaz, Rylos Vayne Johnson]	mac_context: Great Willow (0.5mi)
B16.09	MAIN	characters: [Indalwin, Zaz, Rylos Vayne Johnson]	mac_context: Great Willow (0.5mi)
B16.10	MAIN	characters: [Indalwin, Zaz, Rylos Vayne Johnson]	mac_context: Great Willow (0.5mi)
B17.01	MAIN	characters: [Indalwin, Zaz, Rylos Vayne Johnson]	mac_context: Great Willow (0.5mi)
B17.02	MAIN	characters: [Indalwin, Zaz, Rylos Vayne Johnson]	mac_context: Great Willow (0.5mi)
B17.03	MAIN	characters: [Indalwin, Zaz, Rylos Vayne Johnson]	mac_context: Great Willow (0.5mi)
B17.04	MAIN	characters: [Indalwin, Zaz, Rylos Vayne Johnson]	mac_context: Great Willow (0.5mi)
B17.05	MAIN	characters: [Indalwin, Zaz, Rylos Vayne Johnson]	mac_context: Great Willow (0.5mi)
B17.06	MAIN	characters: [Indalwin, Zaz, Rylos Vayne Johnson]	mac_context: Great Willow (0.5mi)
B17.07	MAIN	characters: [Indalwin, Zaz, Rylos Vayne Johnson]	mac_context: Great Willow (0.5mi)
B17.08	MAIN	characters: [Indalwin, Zaz, Rylos Vayne Johnson]	mac_context: Great Willow (0.5mi)
B17.09	MAIN	characters: [Indalwin, Zaz, Rylos Vayne Johnson]	mac_context: Great Willow (0.5mi)
B17.10	MAIN	characters: [Indalwin, Zaz, Rylos Vayne Johnson]	mac_context: Great Willow (0.5mi)
B18.01	MAIN	characters: [Indalwin, Zaz, Rylos Vayne Johnson]	mac_context: Great Willow (0.5mi)
B18.02	MAIN	characters: [Indalwin, Zaz, Rylos Vayne Johnson]	mac_context: Great Willow (0.5mi)
B18.03	MAIN	characters: [Indalwin, Zaz, Rylos Vayne Johnson]	mac_context: Great Willow (0.5mi)
B18.04	MAIN	characters: [Indalwin, Zaz, Rylos Vayne Johnson]	mac_context: Great Willow (0.5mi)
B18.05	MAIN	characters: [Indalwin, Zaz, Rylos Vayne Johnson]	mac_context: Great Willow (0.5mi)
B18.06	MAIN	characters: [Indalwin, Zaz, Rylos Vayne Johnson]	mac_context: Great Willow (0.5mi)
B18.07	MAIN	characters: [Indalwin, Zaz, Rylos Vayne Johnson]	mac_context: Great Willow (0.5mi)
B18.08	MAIN	characters: [Indalwin, Zaz, Rylos Vayne Johnson]	mac_context: Great Willow (0.5mi)
B18.09	MAIN	characters: [Indalwin, Zaz, Rylos Vayne Johnson]	mac_context: Great Willow (0.5mi)
B18.10	MAIN	characters: [Indalwin, Zaz, Rylos Vayne Johnson]	mac_context: Great Willow (0.5mi)
B19.01	MAIN	characters: [Indalwin, Zaz, Rylos Vayne Johnson]	mac_context: Great Willow (0.5mi)
B19.02	MAIN	characters: [Indalwin, Zaz, Rylos Vayne Johnson]	mac_context: Great Willow (0.5mi)
B19.03	MAIN	characters: [Indalwin, Zaz, Rylos Vayne Johnson]	mac_context: Great Willow (0.5mi)
B19.04	MAIN	characters: [Indalwin, Zaz, Rylos Vayne Johnson]	mac_context: Great Willow (0.5mi)
B19.05	MAIN	characters: [Indalwin, Zaz, Rylos Vayne Johnson]	mac_context: Great Willow (0.5mi)
B19.06	MAIN	characters: [Indalwin, Zaz, Rylos Vayne Johnson]	mac_context: Great Willow (0.5mi)
B19.07	MAIN	characters: [Indalwin, Zaz, Rylos Vayne Johnson]	mac_context: Great Willow (0.5mi)
B19.08	MAIN	characters: [Indalwin, Zaz, Rylos Vayne Johnson]	mac_context: Great Willow (0.5mi)
B19.09	MAIN	characters: [Indalwin, Zaz, Rylos Vayne Johnson]	mac_context: Great Willow (0.5mi)
B19.10	MAIN	characters: [Indalwin, Zaz, Rylos Vayne Johnson]	mac_context: Great Willow (0.5mi)
B20.01	MAIN	characters: [Indalwin, Zaz, Rylos Vayne Johnson]	mac_context: Great Willow (0.5mi)
B20.02	MAIN	characters: [Indalwin, Zaz, Rylos Vayne Johnson]	mac_context: Great Willow (0.5mi)
B20.03	MAIN	characters: [Indalwin, Zaz, Rylos Vayne Johnson]	mac_context: Great Willow (0.5mi)
B20.04	MAIN	characters: [Indalwin, Zaz, Rylos Vayne Johnson]	mac_context: Great Willow (0.5mi)
B20.05	MAIN	characters: [Indalwin, Zaz, Rylos Vayne Johnson]	mac_context: Great Willow (0.5mi)
B20.06	MAIN	characters: [Indalwin, Zaz, Rylos Vayne Johnson]	mac_context: Great Willow (0.5mi)
B20.07	MAIN	characters: [Indalwin, Zaz, Rylos Vayne Johnson]	mac_context: Great Willow (0.5mi)
B20.08	MAIN	characters: [Indalwin, Zaz, Rylos Vayne Johnson]	mac_context: Great Willow (0.5mi)
B20.09	MAIN	characters: [Indalwin, Zaz, Rylos Vayne Johnson]	mac_context: Great Willow (0.5mi)
B20.10	MAIN	characters: [Indalwin, Zaz, Rylos Vayne Johnson]	mac_context: Great Willow (0.5mi)
Canon	MAIN	characters: [Indalwin, Zaz, Rylos Vayne Johnson]	mac_context: Great Willow (0.5mi)
B21.01	MAIN	characters: [Indalwin, Zaz, Rylos Vayne Johnson]	mac_context: Great Willow (0.5mi)
B21.02	MAIN	characters: [Indalwin, Zaz, Rylos Vayne Johnson]	mac_context: Great Willow (0.5mi)
B21.03	MAIN	characters: [Indalwin, Zaz, Rylos Vayne Johnson]	mac_context: Great Willow (0.5mi)
B21.04	MAIN	characters: [Indalwin, Zaz, Rylos Vayne Johnson]	mac_context: Great Willow (0.5mi)
B21.05	MAIN	characters: [Indalwin, Zaz, Rylos Vayne Johnson]	mac_context: Great Willow (0.5mi)
B21.06	MAIN	characters: [Indalwin, Zaz, Rylos Vayne Johnson]	mac_context: Great Willow (0.5mi)
B21.07	MAIN	characters: [Indalwin, Zaz, Rylos Vayne Johnson]	mac_context: Great Willow (0.5mi)
B21.08	MAIN	characters: [Indalwin, Zaz, Rylos Vayne Johnson]	mac_context: Great Willow (0.5mi)
B21.09	MAIN	characters: [Indalwin, Zaz, Rylos Vayne Johnson]	mac_context: Great Willow (0.5mi)
B21.10	MAIN	characters: [Indalwin, Zaz, Rylos Vayne Johnson]	mac_context: Great Willow (0.5mi)
Canon	MAIN	characters: [Indalwin, Zaz, Rylos Vayne Johnson]	mac_context: Great Willow (0.5mi)
B22.01	MAIN	characters: [Indalwin, Zaz, Rylos Vayne Johnson]	mac_context: Great Willow (0.5mi)
B22.02	MAIN	characters: [Indalwin, Zaz, Rylos Vayne Johnson]	mac_context: Great Willow (0.5mi)
B22.03	MAIN	characters: [Indalwin, Zaz, Rylos Vayne Johnson]	mac_context: Great Willow (0.5mi)
B22.04	MAIN	characters: [Indalwin, Zaz, Rylos Vayne Johnson]	mac_context: Great Willow (0.5mi)
B22.05	MAIN	characters: [Indalwin, Zaz, Rylos Vayne Johnson]	mac_context: Great Willow (0.5mi)
B22.06	MAIN	characters: [Indalwin, Zaz, Rylos Vayne Johnson]	mac_context: Great Willow (0.5mi)
B22.07	MAIN	characters: [Indalwin, Zaz, Rylos Vayne Johnson]	mac_context: Great Willow (0.5mi)
B22.08	MAIN	characters: [Indalwin, Zaz, Rylos Vayne Johnson]	mac_context: Great Willow (0.5mi)
B22.09	MAIN	characters: [Indalwin, Zaz, Rylos Vayne Johnson]	mac_context: Great Willow (0.5mi)
B22.10	MAIN	characters: [Indalwin, Zaz, Rylos Vayne Johnson]	mac_context: Great Willow (0.5mi)
Canon	MAIN	characters: [Indalwin, Zaz, Rylos Vayne Johnson]	mac_context: Great Willow (0.5mi)
B23.01	MAIN	characters: [Indalwin, Zaz, Rylos Vayne Johnson]	mac_context: Great Willow (0.5mi)
B23.02	MAIN	characters: [Indalwin, Zaz, Rylos Vayne Johnson]	mac_context: Great Willow (0.5mi)
B23.03	MAIN	characters: [Indalwin, Zaz, Rylos Vayne Johnson]	mac_context: Great Willow (0.5mi)
B23.04	MAIN	characters: [Indalwin, Zaz, Rylos Vayne Johnson]	mac_context: Great Willow (0.5mi)
B23.05	MAIN	characters: [Indalwin, Zaz, Rylos Vayne Johnson]	mac_context: Great Willow (0.5mi)
B23.06	MAIN	characters: [Indalwin, Zaz, Rylos Vayne Johnson]	mac_context: Great Willow (0.5mi)
B23.07	MAIN	characters: [Indalwin, Zaz, Rylos Vayne Johnson]	mac_context: Great Willow (0.5mi)
B23.08	MAIN	characters: [Indalwin, Zaz, Rylos Vayne Johnson]	mac_context: Great Willow (0.5mi)
B23.09	MAIN	characters: [Indalwin, Zaz, Rylos Vayne Johnson]	mac_context: Great Willow (0.5mi)
B23.10	MAIN	characters: [Indalwin, Zaz, Rylos Vayne Johnson]	mac_context: Great Willow (0.5mi)
Canon	MAIN	characters: [Indalwin, Zaz, Rylos Vayne Johnson]	mac_context: Great Willow (0.5mi)
B24.01	MAIN	characters: [Indalwin, Zaz, Rylos Vayne Johnson]	mac_context: Great Willow (0.5mi)
B24.02	MAIN	characters: [Indalwin, Zaz, Rylos Vayne Johnson]	mac_context: Great Willow (0.5mi)
B24.03	MAIN	characters: [Indalwin, Zaz, Rylos Vayne Johnson]	mac_context: Great Willow (0.5mi)
B24.04	MAIN	characters: [Indalwin, Zaz, Rylos Vayne Johnson]	mac_context: Great Willow (0.5mi)
B24.05	MAIN	characters: [Indalwin, Zaz, Rylos Vayne Johnson]	mac_context: Great Willow (0.5mi)
B24.06	MAIN	characters: [Indalwin, Zaz, Rylos Vayne Johnson]	mac_context: Great Willow (0.5mi)
B24.07	MAIN	characters: [Indalwin, Zaz, Rylos Vayne Johnson]	mac_context: Great Willow (0.5mi)
B24.08	MAIN	characters: [Indalwin, Zaz, Rylos Vayne Johnson]	mac_context: Great Willow (0.5mi)
B24.09	MAIN	characters: [Indalwin, Zaz, Rylos Vayne Johnson]	mac_context: Great Willow (0.5mi)
B24.10	MAIN	characters: [Indalwin, Zaz, Rylos Vayne Johnson]	mac_context: Great Willow (0.5mi)
Canon	MAIN	characters: [Indalwin, Zaz, Rylos Vayne Johnson]	mac_context: Great Willow (0.5mi)
B25.01	MAIN	characters: [Indalwin, Zaz, Rylos Vayne Johnson]	mac_context: Great Willow (0.5mi)
B25.02	MAIN	characters: [Indalwin, Zaz, Rylos Vayne Johnson]	mac_context: Great Willow (0.5mi)
B25.03	MAIN	characters: [Indalwin, Zaz, Rylos Vayne Johnson]	mac_context: Great Willow (0.5mi)
B25.04	MAIN	characters: [Indalwin, Zaz, Rylos Vayne Johnson]	mac_context: Great Willow (0.5mi)
B25.05	MAIN	characters: [Indalwin, Zaz, Rylos Vayne Johnson]	mac_context: Great Willow (0.5mi)
B25.06	MAIN	characters: [Indalwin, Zaz, Rylos Vayne Johnson]	mac_context: Great Willow (0.5mi)
B25.07	MAIN	characters: [Indalwin, Zaz, Rylos Vayne Johnson]	mac_context: Great Willow (0.5mi)
B25.08	MAIN	characters: [Indalwin, Zaz, Rylos Vayne Johnson]	mac_context: Great Willow (0.5mi)
B25.09	MAIN	characters: [Indalwin, Zaz, Rylos Vayne Johnson]	mac_context: Great Willow (0.5mi)
B25.10	MAIN	characters: [Indalwin, Zaz, Rylos Vayne Johnson]	mac_context: Great Willow (0.5mi)
Canon	MAIN	characters: [Indalwin, Zaz, Rylos Vayne Johnson]	mac_context: Great Willow (0.5mi)
B10.01	MAIN	characters: [Indalwin, Zaz, Rylos Vayne Johnson]	mac_context: Great Willow (0.5mi)
B10.02	MAIN	characters: [Indalwin, Zaz, Rylos Vayne Johnson]	mac_context: Great Willow (0.5mi)
B10.03	MAIN	characters: [Indalwin, Zaz, Rylos Vayne Johnson]	mac_context: Great Willow (0.5mi)
B10.04	MAIN	characters: [Indalwin, Zaz, Rylos Vayne Johnson]	mac_context: Great Willow (0.5mi)
B10.05	MAIN	characters: [Indalwin, Zaz, Rylos Vayne Johnson]	mac_context: Great Willow (0.5mi)
B10.06	MAIN	characters: [Indalwin, Zaz, Rylos Vayne Johnson]	mac_context: Great Willow (0.5mi)
B10.07	MAIN	characters: [Indalwin, Zaz, Rylos Vayne Johnson]	mac_context: Great Willow (0.5mi)
B10.08	MAIN	characters: [Indalwin, Zaz, Rylos Vayne Johnson]	mac_context: Great Willow (0.5mi)
B10.09	MAIN	characters: [Indalwin, Zaz, Rylos Vayne Johnson]	mac_context: Great Willow (0.5mi)
B10.10	MAIN	characters: [Indalwin, Zaz, Rylos Vayne Johnson]	mac_context: Great Willow (0.5mi)
