serial	domain	name	source_refs	term_hits	interaction_layers	generator_status	status
WDM-ECONOMY-d3d76d39c0c1	economy	arrival	canon/canonical_story_tree/all_25_books_latest_full_cycle.txt|canon/canonical_story_tree/books/Book_01_Choices_Make_World/book_content.txt	debt	timeline|relationships|scenes|quests|world	implemented_reference_map	reference_extracted_pending_domain_review
WDM-ECONOMY-9570c6f45d1c	economy	S179 Home-Is-Not-Simple-Because-He-Brought-Someone	canon/canonical_story_tree/all_25_books_latest_full_cycle.txt|canon/canonical_story_tree/books/Book_01_Choices_Make_World/book_content.txt	debt	timeline|relationships|scenes|quests|world	implemented_reference_map	reference_extracted_pending_domain_review
WDM-ECONOMY-09ae198d682e	economy	Pip realizes that getting back	canon/canonical_story_tree/all_25_books_latest_full_cycle.txt|canon/canonical_story_tree/books/Book_01_Choices_Make_World/book_content.txt	debt	timeline|relationships|scenes|quests|world	implemented_reference_map	reference_extracted_pending_domain_review
WDM-ECONOMY-4da48b6c48a4	economy	to shelter did not restore	canon/canonical_story_tree/all_25_books_latest_full_cycle.txt|canon/canonical_story_tree/books/Book_01_Choices_Make_World/book_content.txt	debt	timeline|relationships|scenes|quests|world	implemented_reference_map	reference_extracted_pending_domain_review
WDM-ECONOMY-b401413877e7	economy	the old world	canon/canonical_story_tree/all_25_books_latest_full_cycle.txt|canon/canonical_story_tree/books/Book_01_Choices_Make_World/book_content.txt	debt	timeline|relationships|scenes|quests|world	implemented_reference_map	reference_extracted_pending_domain_review
WDM-ECONOMY-25647e89c814	economy	it transformed it	canon/canonical_story_tree/all_25_books_latest_full_cycle.txt|canon/canonical_story_tree/books/Book_01_Choices_Make_World/book_content.txt	debt	timeline|relationships|scenes|quests|world	implemented_reference_map	reference_extracted_pending_domain_review
WDM-ECONOMY-f56eccca8db3	economy	S180 Arrival-Creates-New-Debt	canon/canonical_story_tree/all_25_books_latest_full_cycle.txt|canon/canonical_story_tree/books/Book_01_Choices_Make_World/book_content.txt	debt	timeline|relationships|scenes|quests|world	implemented_reference_map	reference_extracted_pending_domain_review
WDM-ECONOMY-c52e4db6d48e	economy	Sanctuary ends one survival problem	canon/canonical_story_tree/all_25_books_latest_full_cycle.txt|canon/canonical_story_tree/books/Book_01_Choices_Make_World/book_content.txt	debt	timeline|relationships|scenes|quests|world	implemented_reference_map	reference_extracted_pending_domain_review
WDM-ECONOMY-fde5c51574fa	economy	and begins relational	canon/canonical_story_tree/all_25_books_latest_full_cycle.txt|canon/canonical_story_tree/books/Book_01_Choices_Make_World/book_content.txt	debt	timeline|relationships|scenes|quests|world	implemented_reference_map	reference_extracted_pending_domain_review
WDM-ECONOMY-7c81e9064d0b	economy	prophetic	canon/canonical_story_tree/all_25_books_latest_full_cycle.txt|canon/canonical_story_tree/books/Book_01_Choices_Make_World/book_content.txt	debt	timeline|relationships|scenes|quests|world	implemented_reference_map	reference_extracted_pending_domain_review
WDM-ECONOMY-8d340ca0c543	economy	and communal consequences	canon/canonical_story_tree/all_25_books_latest_full_cycle.txt|canon/canonical_story_tree/books/Book_01_Choices_Make_World/book_content.txt	debt	timeline|relationships|scenes|quests|world	implemented_reference_map	reference_extracted_pending_domain_review
WDM-ECONOMY-2cdaff08b305	economy	B01	canon/canonical_story_tree/all_25_books_latest_full_cycle.txt|canon/canonical_story_tree/books/Book_01_Choices_Make_World/book_content.txt	debt	timeline|relationships|scenes|quests|world	implemented_reference_map	reference_extracted_pending_domain_review
WDM-ECONOMY-5ddb2e9f48a8	economy	The Last Push Before Shelter	canon/canonical_story_tree/all_25_books_latest_full_cycle.txt|canon/canonical_story_tree/books/Book_01_Choices_Make_World/book_content.txt	debt	timeline|relationships|scenes|quests|world	implemented_reference_map	reference_extracted_pending_domain_review
WDM-ECONOMY-57133fb09ba6	economy	target	canon/canonical_story_tree/all_25_books_latest_full_cycle.txt|canon/canonical_story_tree/books/Book_01_Choices_Make_World/book_content.txt	debt	timeline|relationships|scenes|quests|world	implemented_reference_map	reference_extracted_pending_domain_review
WDM-ECONOMY-6859478db742	economy	scenes	canon/canonical_story_tree/all_25_books_latest_full_cycle.txt|canon/canonical_story_tree/books/Book_01_Choices_Make_World/book_content.txt	debt	timeline|relationships|scenes|quests|world	implemented_reference_map	reference_extracted_pending_domain_review
WDM-ECONOMY-ad3777ecebf8	economy	S181 The-Approach-Almost-Breaks-Them	canon/canonical_story_tree/all_25_books_latest_full_cycle.txt|canon/canonical_story_tree/books/Book_01_Choices_Make_World/book_content.txt	debt	timeline|relationships|scenes|quests|world	implemented_reference_map	reference_extracted_pending_domain_review
WDM-ECONOMY-6a84e16e0220	economy	"Choices Make World

Home-Is-Not-Simple-Because-He-Brought-Someone"	canon/canonical_story_tree/all_25_books_latest_full_cycle.txt|canon/canonical_story_tree/books/Book_01_Choices_Make_World/book_content.txt	debt	timeline|relationships|scenes|quests|world	implemented_reference_map	reference_extracted_pending_domain_review
WDM-ECONOMY-5a7ea72363ad	economy	Creates	canon/canonical_story_tree/all_25_books_latest_full_cycle.txt|canon/canonical_story_tree/books/Book_01_Choices_Make_World/book_content.txt	debt	timeline|relationships|scenes|quests|world	implemented_reference_map	reference_extracted_pending_domain_review
WDM-ECONOMY-d2d1d471462c	economy	New	canon/canonical_story_tree/all_25_books_latest_full_cycle.txt|canon/canonical_story_tree/books/Book_01_Choices_Make_World/book_content.txt	debt	timeline|relationships|scenes|quests|world	implemented_reference_map	reference_extracted_pending_domain_review
WDM-ECONOMY-25d7a92001b2	economy	Debt	canon/canonical_story_tree/all_25_books_latest_full_cycle.txt|canon/canonical_story_tree/books/Book_01_Choices_Make_World/book_content.txt|canon/canonical_story_tree/books/Book_19_The_Cracking_Core/book_content.txt	debt	timeline|relationships|scenes|quests|world	implemented_reference_map	reference_extracted_pending_domain_review
WDM-ECONOMY-db59e8d9442e	economy	"Arrival-Creates-New-Debt

scene"	canon/canonical_story_tree/all_25_books_latest_full_cycle.txt|canon/canonical_story_tree/books/Book_01_Choices_Make_World/book_content.txt	debt	timeline|relationships|scenes|quests|world	implemented_reference_map	reference_extracted_pending_domain_review
WDM-ECONOMY-9a1cb9375983	economy	"S180
beat"	canon/canonical_story_tree/all_25_books_latest_full_cycle.txt|canon/canonical_story_tree/books/Book_01_Choices_Make_World/book_content.txt	debt	timeline|relationships|scenes|quests|world	implemented_reference_map	reference_extracted_pending_domain_review
WDM-ECONOMY-dfd84392990e	economy	book	canon/canonical_story_tree/all_25_books_latest_full_cycle.txt|canon/canonical_story_tree/books/Book_01_Choices_Make_World/book_content.txt|canon/canonical_story_tree/books/Book_02_The_Diary_And_The_Blue_Light/book_content.txt|canon/canonical_story_tree/books/Book_13_The_Afterwake/book_content.txt|canon/canonical_story_tree/books/Book_19_The_Cracking_Core/book_content.txt	debt|market	timeline|relationships|scenes|quests|world	implemented_reference_map	reference_extracted_pending_domain_review
WDM-ECONOMY-5b1dddedb303	economy	"Choices Make World

Arrival-Creates-New-Debt"	canon/canonical_story_tree/all_25_books_latest_full_cycle.txt|canon/canonical_story_tree/books/Book_01_Choices_Make_World/book_content.txt	debt	timeline|relationships|scenes|quests|world	implemented_reference_map	reference_extracted_pending_domain_review
WDM-ECONOMY-22367321f1c1	economy	The	canon/canonical_story_tree/all_25_books_latest_full_cycle.txt|canon/canonical_story_tree/books/Book_01_Choices_Make_World/book_content.txt|canon/canonical_story_tree/books/Book_02_The_Diary_And_The_Blue_Light/book_content.txt|canon/canonical_story_tree/books/Book_09_The_Diamond_Breaks/book_content.txt|canon/canonical_story_tree/books/Book_19_The_Cracking_Core/book_content.txt	debt|market	timeline|relationships|scenes|quests|world	implemented_reference_map	reference_extracted_pending_domain_review
WDM-ECONOMY-e46e895a41f2	economy	Approach	canon/canonical_story_tree/all_25_books_latest_full_cycle.txt|canon/canonical_story_tree/books/Book_01_Choices_Make_World/book_content.txt	debt	timeline|relationships|scenes|quests|world	implemented_reference_map	reference_extracted_pending_domain_review
WDM-ECONOMY-41de8b5e6759	economy	Almost	canon/canonical_story_tree/all_25_books_latest_full_cycle.txt|canon/canonical_story_tree/books/Book_01_Choices_Make_World/book_content.txt	debt	timeline|relationships|scenes|quests|world	implemented_reference_map	reference_extracted_pending_domain_review
WDM-ECONOMY-f297b6c0433b	economy	Breaks	canon/canonical_story_tree/all_25_books_latest_full_cycle.txt|canon/canonical_story_tree/books/Book_01_Choices_Make_World/book_content.txt	debt	timeline|relationships|scenes|quests|world	implemented_reference_map	reference_extracted_pending_domain_review
WDM-ECONOMY-2cd927a40cc6	economy	Them	canon/canonical_story_tree/all_25_books_latest_full_cycle.txt|canon/canonical_story_tree/books/Book_01_Choices_Make_World/book_content.txt	debt	timeline|relationships|scenes|quests|world	implemented_reference_map	reference_extracted_pending_domain_review
WDM-ECONOMY-30b242d8feaf	economy	"The-Approach-Almost-Breaks-Them

scene"	canon/canonical_story_tree/all_25_books_latest_full_cycle.txt|canon/canonical_story_tree/books/Book_01_Choices_Make_World/book_content.txt	debt	timeline|relationships|scenes|quests|world	implemented_reference_map	reference_extracted_pending_domain_review
WDM-ECONOMY-25c2e3b77a53	economy	contained	canon/canonical_story_tree/all_25_books_latest_full_cycle.txt|canon/canonical_story_tree/books/Book_02_The_Diary_And_The_Blue_Light/book_content.txt|canon/canonical_story_tree/books/Book_19_The_Cracking_Core/book_content.txt	debt|market	timeline|relationships|scenes|quests|world	implemented_reference_map	reference_extracted_pending_domain_review
WDM-ECONOMY-b9fdfa590736	economy	beats	canon/canonical_story_tree/all_25_books_latest_full_cycle.txt|canon/canonical_story_tree/books/Book_02_The_Diary_And_The_Blue_Light/book_content.txt|canon/canonical_story_tree/books/Book_19_The_Cracking_Core/book_content.txt	debt|market	timeline|relationships|scenes|quests|world	implemented_reference_map	reference_extracted_pending_domain_review
WDM-ECONOMY-36e71ada09c1	economy	contained beats	canon/canonical_story_tree/all_25_books_latest_full_cycle.txt|canon/canonical_story_tree/books/Book_02_The_Diary_And_The_Blue_Light/book_content.txt|canon/canonical_story_tree/books/Book_19_The_Cracking_Core/book_content.txt	debt|market	timeline|relationships|scenes|quests|world	implemented_reference_map	reference_extracted_pending_domain_review
WDM-ECONOMY-4eff52e2c9ff	economy	Diary	canon/canonical_story_tree/all_25_books_latest_full_cycle.txt|canon/canonical_story_tree/books/Book_02_The_Diary_And_The_Blue_Light/book_content.txt	market	timeline|relationships|scenes|quests|world	implemented_reference_map	reference_extracted_pending_domain_review
WDM-ECONOMY-afe1a1992beb	economy	And	canon/canonical_story_tree/all_25_books_latest_full_cycle.txt|canon/canonical_story_tree/books/Book_02_The_Diary_And_The_Blue_Light/book_content.txt	market	timeline|relationships|scenes|quests|world	implemented_reference_map	reference_extracted_pending_domain_review
WDM-ECONOMY-ef15c5df08a8	economy	Blue	canon/canonical_story_tree/all_25_books_latest_full_cycle.txt|canon/canonical_story_tree/books/Book_02_The_Diary_And_The_Blue_Light/book_content.txt	market	timeline|relationships|scenes|quests|world	implemented_reference_map	reference_extracted_pending_domain_review
WDM-ECONOMY-77c1ef0e5821	economy	Light	canon/canonical_story_tree/all_25_books_latest_full_cycle.txt|canon/canonical_story_tree/books/Book_02_The_Diary_And_The_Blue_Light/book_content.txt	market	timeline|relationships|scenes|quests|world	implemented_reference_map	reference_extracted_pending_domain_review
WDM-ECONOMY-47665965602d	economy	B02	canon/canonical_story_tree/all_25_books_latest_full_cycle.txt|canon/canonical_story_tree/books/Book_02_The_Diary_And_The_Blue_Light/book_content.txt	market	timeline|relationships|scenes|quests|world	implemented_reference_map	reference_extracted_pending_domain_review
WDM-ECONOMY-289b249ee236	economy	Vault Of Whispers	canon/canonical_story_tree/all_25_books_latest_full_cycle.txt|canon/canonical_story_tree/books/Book_02_The_Diary_And_The_Blue_Light/book_content.txt	market	timeline|relationships|scenes|quests|world	implemented_reference_map	reference_extracted_pending_domain_review
WDM-ECONOMY-b266c932a450	economy	The Rift Escalates	canon/canonical_story_tree/all_25_books_latest_full_cycle.txt|canon/canonical_story_tree/books/Book_02_The_Diary_And_The_Blue_Light/book_content.txt	market	timeline|relationships|scenes|quests|world	implemented_reference_map	reference_extracted_pending_domain_review
WDM-ECONOMY-cf55c4546f58	economy	The Wounded Rabbit In The	canon/canonical_story_tree/all_25_books_latest_full_cycle.txt|canon/canonical_story_tree/books/Book_02_The_Diary_And_The_Blue_Light/book_content.txt	market	timeline|relationships|scenes|quests|world	implemented_reference_map	reference_extracted_pending_domain_review
WDM-ECONOMY-44c39cf25129	economy	Market	canon/canonical_story_tree/all_25_books_latest_full_cycle.txt|canon/canonical_story_tree/books/Book_02_The_Diary_And_The_Blue_Light/book_content.txt|canon/canonical_story_tree/books/Book_09_The_Diamond_Breaks/book_content.txt	market	timeline|relationships|scenes|quests|world	implemented_reference_map	reference_extracted_pending_domain_review
WDM-ECONOMY-d0daaa88787d	economy	The Healing That Does Not	canon/canonical_story_tree/all_25_books_latest_full_cycle.txt|canon/canonical_story_tree/books/Book_02_The_Diary_And_The_Blue_Light/book_content.txt	market	timeline|relationships|scenes|quests|world	implemented_reference_map	reference_extracted_pending_domain_review
WDM-ECONOMY-d1725eb1e74b	economy	Hold	canon/canonical_story_tree/all_25_books_latest_full_cycle.txt|canon/canonical_story_tree/books/Book_02_The_Diary_And_The_Blue_Light/book_content.txt	market	timeline|relationships|scenes|quests|world	implemented_reference_map	reference_extracted_pending_domain_review
WDM-ECONOMY-6c3c141c0fa7	economy	The First Sign Of Trouble	canon/canonical_story_tree/all_25_books_latest_full_cycle.txt|canon/canonical_story_tree/books/Book_02_The_Diary_And_The_Blue_Light/book_content.txt	market	timeline|relationships|scenes|quests|world	implemented_reference_map	reference_extracted_pending_domain_review
WDM-ECONOMY-451414385c81	economy	At The Market	canon/canonical_story_tree/all_25_books_latest_full_cycle.txt|canon/canonical_story_tree/books/Book_02_The_Diary_And_The_Blue_Light/book_content.txt	market	timeline|relationships|scenes|quests|world	implemented_reference_map	reference_extracted_pending_domain_review
WDM-ECONOMY-a884f51a2074	economy	The Betrayal Executes	canon/canonical_story_tree/all_25_books_latest_full_cycle.txt|canon/canonical_story_tree/books/Book_02_The_Diary_And_The_Blue_Light/book_content.txt	market	timeline|relationships|scenes|quests|world	implemented_reference_map	reference_extracted_pending_domain_review
WDM-ECONOMY-caf021011420	economy	The Diamond Break Window	canon/canonical_story_tree/all_25_books_latest_full_cycle.txt|canon/canonical_story_tree/books/Book_02_The_Diary_And_The_Blue_Light/book_content.txt	market	timeline|relationships|scenes|quests|world	implemented_reference_map	reference_extracted_pending_domain_review
WDM-ECONOMY-030b64007159	economy	Mack Sacrifice	canon/canonical_story_tree/all_25_books_latest_full_cycle.txt|canon/canonical_story_tree/books/Book_02_The_Diary_And_The_Blue_Light/book_content.txt	market	timeline|relationships|scenes|quests|world	implemented_reference_map	reference_extracted_pending_domain_review
WDM-ECONOMY-afb453e32a15	economy	Xethrolund Portal Arrival	canon/canonical_story_tree/all_25_books_latest_full_cycle.txt|canon/canonical_story_tree/books/Book_02_The_Diary_And_The_Blue_Light/book_content.txt	market	timeline|relationships|scenes|quests|world	implemented_reference_map	reference_extracted_pending_domain_review
WDM-ECONOMY-8ac8ff0cc5f0	economy	Stasis	canon/canonical_story_tree/all_25_books_latest_full_cycle.txt|canon/canonical_story_tree/books/Book_02_The_Diary_And_The_Blue_Light/book_content.txt	market	timeline|relationships|scenes|quests|world	implemented_reference_map	reference_extracted_pending_domain_review
WDM-ECONOMY-ca94e1b3edf7	economy	unplaced	canon/canonical_story_tree/all_25_books_latest_full_cycle.txt|canon/canonical_story_tree/books/Book_02_The_Diary_And_The_Blue_Light/book_content.txt|canon/canonical_story_tree/books/Book_19_The_Cracking_Core/book_content.txt	debt|market	timeline|relationships|scenes|quests|world	implemented_reference_map	reference_extracted_pending_domain_review
WDM-ECONOMY-a702dfd4de31	economy	candidates	canon/canonical_story_tree/all_25_books_latest_full_cycle.txt|canon/canonical_story_tree/books/Book_02_The_Diary_And_The_Blue_Light/book_content.txt|canon/canonical_story_tree/books/Book_19_The_Cracking_Core/book_content.txt	debt|market	timeline|relationships|scenes|quests|world	implemented_reference_map	reference_extracted_pending_domain_review
WDM-ECONOMY-8240fc029449	economy	sequence	canon/canonical_story_tree/all_25_books_latest_full_cycle.txt|canon/canonical_story_tree/books/Book_02_The_Diary_And_The_Blue_Light/book_content.txt	market	timeline|relationships|scenes|quests|world	implemented_reference_map	reference_extracted_pending_domain_review
WDM-ECONOMY-8750505f325c	economy	position	canon/canonical_story_tree/all_25_books_latest_full_cycle.txt|canon/canonical_story_tree/books/Book_02_The_Diary_And_The_Blue_Light/book_content.txt	market	timeline|relationships|scenes|quests|world	implemented_reference_map	reference_extracted_pending_domain_review
WDM-ECONOMY-54859303daed	economy	TBD	canon/canonical_story_tree/books/Book_02_The_Diary_And_The_Blue_Light/book_content.txt	market	timeline|relationships|scenes|quests|world	implemented_reference_map	reference_extracted_pending_domain_review
WDM-ECONOMY-0b362806c36d	economy	absolute	canon/canonical_story_tree/all_25_books_latest_full_cycle.txt|canon/canonical_story_tree/books/Book_02_The_Diary_And_The_Blue_Light/book_content.txt	market	timeline|relationships|scenes|quests|world	implemented_reference_map	reference_extracted_pending_domain_review
WDM-ECONOMY-a126059a834d	economy	era	canon/canonical_story_tree/all_25_books_latest_full_cycle.txt|canon/canonical_story_tree/books/Book_02_The_Diary_And_The_Blue_Light/book_content.txt	market	timeline|relationships|scenes|quests|world	implemented_reference_map	reference_extracted_pending_domain_review
WDM-ECONOMY-949af6b4c8fd	economy	local	canon/canonical_story_tree/all_25_books_latest_full_cycle.txt|canon/canonical_story_tree/books/Book_02_The_Diary_And_The_Blue_Light/book_content.txt|canon/canonical_story_tree/books/Book_09_The_Diamond_Breaks/book_content.txt	market	timeline|relationships|scenes|quests|world	implemented_reference_map	reference_extracted_pending_domain_review
WDM-ECONOMY-4667f58ba020	economy	time	canon/canonical_story_tree/all_25_books_latest_full_cycle.txt|canon/canonical_story_tree/books/Book_02_The_Diary_And_The_Blue_Light/book_content.txt|canon/canonical_story_tree/books/Book_09_The_Diamond_Breaks/book_content.txt|canon/canonical_story_tree/books/Book_19_The_Cracking_Core/book_content.txt	debt|market	timeline|relationships|scenes|quests|world	implemented_reference_map	reference_extracted_pending_domain_review
WDM-ECONOMY-8bb133f22a89	economy	span	canon/canonical_story_tree/all_25_books_latest_full_cycle.txt|canon/canonical_story_tree/books/Book_02_The_Diary_And_The_Blue_Light/book_content.txt|canon/canonical_story_tree/books/Book_09_The_Diamond_Breaks/book_content.txt	market	timeline|relationships|scenes|quests|world	implemented_reference_map	reference_extracted_pending_domain_review
WDM-ECONOMY-de01eb39cff9	economy	linked	canon/canonical_story_tree/all_25_books_latest_full_cycle.txt|canon/canonical_story_tree/books/Book_02_The_Diary_And_The_Blue_Light/book_content.txt	market	timeline|relationships|scenes|quests|world	implemented_reference_map	reference_extracted_pending_domain_review
WDM-ECONOMY-8ef8c3b30cc8	economy	locations	canon/canonical_story_tree/all_25_books_latest_full_cycle.txt|canon/canonical_story_tree/books/Book_02_The_Diary_And_The_Blue_Light/book_content.txt	market	timeline|relationships|scenes|quests|world	implemented_reference_map	reference_extracted_pending_domain_review
WDM-ECONOMY-cd39dfbc13e4	economy	notes	canon/canonical_story_tree/all_25_books_latest_full_cycle.txt|canon/canonical_story_tree/books/Book_02_The_Diary_And_The_Blue_Light/book_content.txt	market	timeline|relationships|scenes|quests|world	implemented_reference_map	reference_extracted_pending_domain_review
WDM-ECONOMY-026a7c0c1e40	economy	The Diary and the Blue	canon/canonical_story_tree/all_25_books_latest_full_cycle.txt|canon/canonical_story_tree/books/Book_02_The_Diary_And_The_Blue_Light/book_content.txt	market	timeline|relationships|scenes|quests|world	implemented_reference_map	reference_extracted_pending_domain_review
WDM-ECONOMY-2a72f112de12	economy	"Light

The-Beat-Ends-with-Deeper-Descent-Promised"	canon/canonical_story_tree/all_25_books_latest_full_cycle.txt|canon/canonical_story_tree/books/Book_02_The_Diary_And_The_Blue_Light/book_content.txt	market	timeline|relationships|scenes|quests|world	implemented_reference_map	reference_extracted_pending_domain_review
WDM-ECONOMY-4b56c59f1332	economy	The next phase is now	canon/canonical_story_tree/all_25_books_latest_full_cycle.txt|canon/canonical_story_tree/books/Book_02_The_Diary_And_The_Blue_Light/book_content.txt	market	timeline|relationships|scenes|quests|world	implemented_reference_map	reference_extracted_pending_domain_review
WDM-ECONOMY-aeae3b500021	economy	loaded	canon/canonical_story_tree/all_25_books_latest_full_cycle.txt|canon/canonical_story_tree/books/Book_02_The_Diary_And_The_Blue_Light/book_content.txt	market	timeline|relationships|scenes|quests|world	implemented_reference_map	reference_extracted_pending_domain_review
WDM-ECONOMY-c446f0089a45	economy	Vault	canon/canonical_story_tree/all_25_books_latest_full_cycle.txt|canon/canonical_story_tree/books/Book_02_The_Diary_And_The_Blue_Light/book_content.txt	market	timeline|relationships|scenes|quests|world	implemented_reference_map	reference_extracted_pending_domain_review
WDM-ECONOMY-5c705f20e397	economy	Whispers	canon/canonical_story_tree/all_25_books_latest_full_cycle.txt|canon/canonical_story_tree/books/Book_02_The_Diary_And_The_Blue_Light/book_content.txt	market	timeline|relationships|scenes|quests|world	implemented_reference_map	reference_extracted_pending_domain_review
WDM-ECONOMY-579c760ab6f5	economy	function	canon/canonical_story_tree/all_25_books_latest_full_cycle.txt|canon/canonical_story_tree/books/Book_02_The_Diary_And_The_Blue_Light/book_content.txt|canon/canonical_story_tree/books/Book_09_The_Diamond_Breaks/book_content.txt	market	timeline|relationships|scenes|quests|world	implemented_reference_map	reference_extracted_pending_domain_review
WDM-ECONOMY-49d1acbb4574	economy	market threshold	canon/canonical_story_tree/all_25_books_latest_full_cycle.txt|canon/canonical_story_tree/books/Book_02_The_Diary_And_The_Blue_Light/book_content.txt	market	timeline|relationships|scenes|quests|world	implemented_reference_map	reference_extracted_pending_domain_review
WDM-ECONOMY-937c3080182b	economy	psychic-entropy entry	canon/canonical_story_tree/all_25_books_latest_full_cycle.txt|canon/canonical_story_tree/books/Book_02_The_Diary_And_The_Blue_Light/book_content.txt	market	timeline|relationships|scenes|quests|world	implemented_reference_map	reference_extracted_pending_domain_review
WDM-ECONOMY-4044bb1008e5	economy	single sequence	canon/canonical_story_tree/all_25_books_latest_full_cycle.txt|canon/canonical_story_tree/books/Book_02_The_Diary_And_The_Blue_Light/book_content.txt	market	timeline|relationships|scenes|quests|world	implemented_reference_map	reference_extracted_pending_domain_review
WDM-ECONOMY-44665dd30c21	economy	location	canon/canonical_story_tree/all_25_books_latest_full_cycle.txt|canon/canonical_story_tree/books/Book_02_The_Diary_And_The_Blue_Light/book_content.txt|canon/canonical_story_tree/books/Book_09_The_Diamond_Breaks/book_content.txt	market	timeline|relationships|scenes|quests|world	implemented_reference_map	reference_extracted_pending_domain_review
WDM-ECONOMY-a729a1965d10	economy	black market in chime-iron canyons	canon/canonical_story_tree/all_25_books_latest_full_cycle.txt|canon/canonical_story_tree/books/Book_02_The_Diary_And_The_Blue_Light/book_content.txt	market	timeline|relationships|scenes|quests|world	implemented_reference_map	reference_extracted_pending_domain_review
WDM-ECONOMY-22240c057903	economy	characters	canon/canonical_story_tree/all_25_books_latest_full_cycle.txt|canon/canonical_story_tree/books/Book_02_The_Diary_And_The_Blue_Light/book_content.txt|canon/canonical_story_tree/books/Book_09_The_Diamond_Breaks/book_content.txt	market	timeline|relationships|scenes|quests|world	implemented_reference_map	reference_extracted_pending_domain_review
WDM-ECONOMY-426573b410db	economy	Pip	canon/canonical_story_tree/all_25_books_latest_full_cycle.txt|canon/canonical_story_tree/books/Book_02_The_Diary_And_The_Blue_Light/book_content.txt|canon/canonical_story_tree/books/Book_09_The_Diamond_Breaks/book_content.txt	market	timeline|relationships|scenes|quests|world	implemented_reference_map	reference_extracted_pending_domain_review
WDM-ECONOMY-4df18d51eb3a	economy	confidence	canon/canonical_story_tree/all_25_books_latest_full_cycle.txt|canon/canonical_story_tree/books/Book_02_The_Diary_And_The_Blue_Light/book_content.txt|canon/canonical_story_tree/books/Book_09_The_Diamond_Breaks/book_content.txt	market	timeline|relationships|scenes|quests|world	implemented_reference_map	reference_extracted_pending_domain_review
WDM-ECONOMY-339f7593c3fc	economy	high	canon/canonical_story_tree/all_25_books_latest_full_cycle.txt|canon/canonical_story_tree/books/Book_02_The_Diary_And_The_Blue_Light/book_content.txt|canon/canonical_story_tree/books/Book_09_The_Diamond_Breaks/book_content.txt	market	timeline|relationships|scenes|quests|world	implemented_reference_map	reference_extracted_pending_domain_review
WDM-ECONOMY-84fedfe9eeee	economy	"notes
Drive text repeatedly places"	canon/canonical_story_tree/all_25_books_latest_full_cycle.txt|canon/canonical_story_tree/books/Book_02_The_Diary_And_The_Blue_Light/book_content.txt	market	timeline|relationships|scenes|quests|world	implemented_reference_map	reference_extracted_pending_domain_review
WDM-ECONOMY-989209952f51	economy	an early black-market threshold before	canon/canonical_story_tree/all_25_books_latest_full_cycle.txt|canon/canonical_story_tree/books/Book_02_The_Diary_And_The_Blue_Light/book_content.txt	market	timeline|relationships|scenes|quests|world	implemented_reference_map	reference_extracted_pending_domain_review
WDM-ECONOMY-ca0dfdc6f7ed	economy	the full betrayal-collapse material	canon/canonical_story_tree/all_25_books_latest_full_cycle.txt|canon/canonical_story_tree/books/Book_02_The_Diary_And_The_Blue_Light/book_content.txt	market	timeline|relationships|scenes|quests|world	implemented_reference_map	reference_extracted_pending_domain_review
WDM-ECONOMY-c53e7403227c	economy	Wounded	canon/canonical_story_tree/all_25_books_latest_full_cycle.txt|canon/canonical_story_tree/books/Book_02_The_Diary_And_The_Blue_Light/book_content.txt	market	timeline|relationships|scenes|quests|world	implemented_reference_map	reference_extracted_pending_domain_review
WDM-ECONOMY-f4652eb86bde	economy	Rabbit	canon/canonical_story_tree/all_25_books_latest_full_cycle.txt|canon/canonical_story_tree/books/Book_02_The_Diary_And_The_Blue_Light/book_content.txt	market	timeline|relationships|scenes|quests|world	implemented_reference_map	reference_extracted_pending_domain_review
WDM-ECONOMY-9f3a8fba4e3d	economy	empathy hook	canon/canonical_story_tree/all_25_books_latest_full_cycle.txt|canon/canonical_story_tree/books/Book_02_The_Diary_And_The_Blue_Light/book_content.txt	market	timeline|relationships|scenes|quests|world	implemented_reference_map	reference_extracted_pending_domain_review
WDM-ECONOMY-5abacf6780ff	economy	trap ignition	canon/canonical_story_tree/all_25_books_latest_full_cycle.txt|canon/canonical_story_tree/books/Book_02_The_Diary_And_The_Blue_Light/book_content.txt	market	timeline|relationships|scenes|quests|world	implemented_reference_map	reference_extracted_pending_domain_review
WDM-ECONOMY-d0f8791ccc54	economy	single scene	canon/canonical_story_tree/all_25_books_latest_full_cycle.txt|canon/canonical_story_tree/books/Book_02_The_Diary_And_The_Blue_Light/book_content.txt|canon/canonical_story_tree/books/Book_09_The_Diamond_Breaks/book_content.txt	market	timeline|relationships|scenes|quests|world	implemented_reference_map	reference_extracted_pending_domain_review
WDM-ECONOMY-6e34b9495387	economy	Vault of Whispers market	canon/canonical_story_tree/all_25_books_latest_full_cycle.txt|canon/canonical_story_tree/books/Book_02_The_Diary_And_The_Blue_Light/book_content.txt	market	timeline|relationships|scenes|quests|world	implemented_reference_map	reference_extracted_pending_domain_review
WDM-ECONOMY-27b7d954484d	economy	Boojay	canon/canonical_story_tree/all_25_books_latest_full_cycle.txt|canon/canonical_story_tree/books/Book_02_The_Diary_And_The_Blue_Light/book_content.txt|canon/canonical_story_tree/books/Book_09_The_Diamond_Breaks/book_content.txt	market	timeline|relationships|scenes|quests|world	implemented_reference_map	reference_extracted_pending_domain_review
WDM-ECONOMY-dc4dfe51acdf	economy	"notes
Drive text shows"	canon/canonical_story_tree/all_25_books_latest_full_cycle.txt|canon/canonical_story_tree/books/Book_02_The_Diary_And_The_Blue_Light/book_content.txt	market	timeline|relationships|scenes|quests|world	implemented_reference_map	reference_extracted_pending_domain_review
WDM-ECONOMY-ca7aae7887d7	economy	market version of the wounded-rabbit	canon/canonical_story_tree/all_25_books_latest_full_cycle.txt|canon/canonical_story_tree/books/Book_02_The_Diary_And_The_Blue_Light/book_content.txt	market	timeline|relationships|scenes|quests|world	implemented_reference_map	reference_extracted_pending_domain_review
WDM-ECONOMY-6cd5fd94c45f	economy	encounter	canon/canonical_story_tree/all_25_books_latest_full_cycle.txt|canon/canonical_story_tree/books/Book_02_The_Diary_And_The_Blue_Light/book_content.txt	market	timeline|relationships|scenes|quests|world	implemented_reference_map	reference_extracted_pending_domain_review
WDM-ECONOMY-8c0b4ce74b8b	economy	This should not be skipped	canon/canonical_story_tree/all_25_books_latest_full_cycle.txt|canon/canonical_story_tree/books/Book_02_The_Diary_And_The_Blue_Light/book_content.txt	market	timeline|relationships|scenes|quests|world	implemented_reference_map	reference_extracted_pending_domain_review
WDM-ECONOMY-c51e9560d87b	economy	His Body and Spirit Respond	canon/canonical_story_tree/all_25_books_latest_full_cycle.txt|canon/canonical_story_tree/books/Book_04_Crocodile_Smile/book_content.txt	market	timeline|relationships|scenes|quests|world	implemented_reference_map	reference_extracted_pending_domain_review
WDM-ECONOMY-28a874e7b2f6	economy	Before His Judgment Concludes	canon/canonical_story_tree/all_25_books_latest_full_cycle.txt|canon/canonical_story_tree/books/Book_04_Crocodile_Smile/book_content.txt	market	timeline|relationships|scenes|quests|world	implemented_reference_map	reference_extracted_pending_domain_review
WDM-ECONOMY-74f4c532eddf	economy	Beauty Without Peace	canon/canonical_story_tree/all_25_books_latest_full_cycle.txt|canon/canonical_story_tree/books/Book_04_Crocodile_Smile/book_content.txt	market	timeline|relationships|scenes|quests|world	implemented_reference_map	reference_extracted_pending_domain_review
WDM-ECONOMY-2c7cbd88d561	economy	The Emotional Signature of the	canon/canonical_story_tree/all_25_books_latest_full_cycle.txt|canon/canonical_story_tree/books/Book_04_Crocodile_Smile/book_content.txt	market	timeline|relationships|scenes|quests|world	implemented_reference_map	reference_extracted_pending_domain_review
WDM-ECONOMY-2e09ee745c4b	economy	Threat Clarifies	canon/canonical_story_tree/all_25_books_latest_full_cycle.txt|canon/canonical_story_tree/books/Book_04_Crocodile_Smile/book_content.txt	market	timeline|relationships|scenes|quests|world	implemented_reference_map	reference_extracted_pending_domain_review
WDM-ECONOMY-725c68c1187b	economy	Beautiful Things with Teeth	canon/canonical_story_tree/all_25_books_latest_full_cycle.txt|canon/canonical_story_tree/books/Book_04_Crocodile_Smile/book_content.txt	market	timeline|relationships|scenes|quests|world	implemented_reference_map	reference_extracted_pending_domain_review
WDM-ECONOMY-4f98d6f48f72	economy	The Market of Moving Faces	canon/canonical_story_tree/all_25_books_latest_full_cycle.txt|canon/canonical_story_tree/books/Book_04_Crocodile_Smile/book_content.txt	market	timeline|relationships|scenes|quests|world	implemented_reference_map	reference_extracted_pending_domain_review
WDM-ECONOMY-249678f7d826	economy	Public Space Returns as Social	canon/canonical_story_tree/all_25_books_latest_full_cycle.txt|canon/canonical_story_tree/books/Book_04_Crocodile_Smile/book_content.txt	market	timeline|relationships|scenes|quests|world	implemented_reference_map	reference_extracted_pending_domain_review
WDM-ECONOMY-2ab8b72ae655	economy	Maze and Risk-Field	canon/canonical_story_tree/all_25_books_latest_full_cycle.txt|canon/canonical_story_tree/books/Book_04_Crocodile_Smile/book_content.txt	market	timeline|relationships|scenes|quests|world	implemented_reference_map	reference_extracted_pending_domain_review
WDM-ECONOMY-1e81029dfdbf	economy	Pip Tries to Behave Normally	canon/canonical_story_tree/all_25_books_latest_full_cycle.txt|canon/canonical_story_tree/books/Book_04_Crocodile_Smile/book_content.txt	market	timeline|relationships|scenes|quests|world	implemented_reference_map	reference_extracted_pending_domain_review
WDM-ECONOMY-df60821560a6	economy	He Resists Overreading Everything	canon/canonical_story_tree/all_25_books_latest_full_cycle.txt|canon/canonical_story_tree/books/Book_04_Crocodile_Smile/book_content.txt	market	timeline|relationships|scenes|quests|world	implemented_reference_map	reference_extracted_pending_domain_review
WDM-ECONOMY-cd2fb7b500cb	economy	The Same Smile Again	canon/canonical_story_tree/all_25_books_latest_full_cycle.txt|canon/canonical_story_tree/books/Book_04_Crocodile_Smile/book_content.txt	market	timeline|relationships|scenes|quests|world	implemented_reference_map	reference_extracted_pending_domain_review
WDM-ECONOMY-61354e70776c	economy	Smile That Includes Hunger	canon/canonical_story_tree/all_25_books_latest_full_cycle.txt|canon/canonical_story_tree/books/Book_04_Crocodile_Smile/book_content.txt	market	timeline|relationships|scenes|quests|world	implemented_reference_map	reference_extracted_pending_domain_review
WDM-ECONOMY-1109cff4ed6e	economy	The Warmth Now Clearly Carries	canon/canonical_story_tree/all_25_books_latest_full_cycle.txt|canon/canonical_story_tree/books/Book_04_Crocodile_Smile/book_content.txt	market	timeline|relationships|scenes|quests|world	implemented_reference_map	reference_extracted_pending_domain_review
WDM-ECONOMY-21fe98dc2aac	economy	Appetite	canon/canonical_story_tree/all_25_books_latest_full_cycle.txt|canon/canonical_story_tree/books/Book_04_Crocodile_Smile/book_content.txt	market	timeline|relationships|scenes|quests|world	implemented_reference_map	reference_extracted_pending_domain_review
WDM-ECONOMY-0d06a67c8239	economy	He Looks Away Too Late	canon/canonical_story_tree/all_25_books_latest_full_cycle.txt|canon/canonical_story_tree/books/Book_04_Crocodile_Smile/book_content.txt	market	timeline|relationships|scenes|quests|world	implemented_reference_map	reference_extracted_pending_domain_review
WDM-ECONOMY-b9cec45e3b85	economy	The Contact Lands Deeper Than	canon/canonical_story_tree/all_25_books_latest_full_cycle.txt|canon/canonical_story_tree/books/Book_04_Crocodile_Smile/book_content.txt	market	timeline|relationships|scenes|quests|world	implemented_reference_map	reference_extracted_pending_domain_review
WDM-ECONOMY-5183d227c8c2	economy	He Wanted	canon/canonical_story_tree/all_25_books_latest_full_cycle.txt|canon/canonical_story_tree/books/Book_04_Crocodile_Smile/book_content.txt	market	timeline|relationships|scenes|quests|world	implemented_reference_map	reference_extracted_pending_domain_review
WDM-ECONOMY-c017ff08133e	economy	The Crowd Covers the Moment	canon/canonical_story_tree/all_25_books_latest_full_cycle.txt|canon/canonical_story_tree/books/Book_04_Crocodile_Smile/book_content.txt	market	timeline|relationships|scenes|quests|world	implemented_reference_map	reference_extracted_pending_domain_review
WDM-ECONOMY-817411cdd77f	economy	The Market Absorbs Danger into	canon/canonical_story_tree/all_25_books_latest_full_cycle.txt|canon/canonical_story_tree/books/Book_04_Crocodile_Smile/book_content.txt	market	timeline|relationships|scenes|quests|world	implemented_reference_map	reference_extracted_pending_domain_review
WDM-ECONOMY-00c2941b4f3b	economy	Normal Motion	canon/canonical_story_tree/all_25_books_latest_full_cycle.txt|canon/canonical_story_tree/books/Book_04_Crocodile_Smile/book_content.txt	market	timeline|relationships|scenes|quests|world	implemented_reference_map	reference_extracted_pending_domain_review
WDM-ECONOMY-0e56a1860558	economy	Mack Misses the Exact Exchange	canon/canonical_story_tree/all_25_books_latest_full_cycle.txt|canon/canonical_story_tree/books/Book_04_Crocodile_Smile/book_content.txt	market	timeline|relationships|scenes|quests|world	implemented_reference_map	reference_extracted_pending_domain_review
WDM-ECONOMY-cbed5a36aecd	economy	Protection Is Near but Not	canon/canonical_story_tree/all_25_books_latest_full_cycle.txt|canon/canonical_story_tree/books/Book_04_Crocodile_Smile/book_content.txt	market	timeline|relationships|scenes|quests|world	implemented_reference_map	reference_extracted_pending_domain_review
WDM-ECONOMY-baf7646ca980	economy	Precise Enough	canon/canonical_story_tree/all_25_books_latest_full_cycle.txt|canon/canonical_story_tree/books/Book_04_Crocodile_Smile/book_content.txt	market	timeline|relationships|scenes|quests|world	implemented_reference_map	reference_extracted_pending_domain_review
WDM-ECONOMY-4fde25727fc6	economy	Pip Pretends Not to Notice	canon/canonical_story_tree/all_25_books_latest_full_cycle.txt|canon/canonical_story_tree/books/Book_04_Crocodile_Smile/book_content.txt	market	timeline|relationships|scenes|quests|world	implemented_reference_map	reference_extracted_pending_domain_review
WDM-ECONOMY-f5690da04a66	economy	He Chooses Composure Over Exposure	canon/canonical_story_tree/all_25_books_latest_full_cycle.txt|canon/canonical_story_tree/books/Book_04_Crocodile_Smile/book_content.txt	market	timeline|relationships|scenes|quests|world	implemented_reference_map	reference_extracted_pending_domain_review
WDM-ECONOMY-0aa50ed97985	economy	Xethrolund Feels the Disturbance Indirectly	canon/canonical_story_tree/all_25_books_latest_full_cycle.txt|canon/canonical_story_tree/books/Book_04_Crocodile_Smile/book_content.txt	market	timeline|relationships|scenes|quests|world	implemented_reference_map	reference_extracted_pending_domain_review
WDM-ECONOMY-bb4a7e82a58b	economy	The Bond Registers Pip's Changed	canon/canonical_story_tree/all_25_books_latest_full_cycle.txt|canon/canonical_story_tree/books/Book_04_Crocodile_Smile/book_content.txt	market	timeline|relationships|scenes|quests|world	implemented_reference_map	reference_extracted_pending_domain_review
WDM-ECONOMY-55b0b9dd8c0a	economy	Emotional Weather	canon/canonical_story_tree/all_25_books_latest_full_cycle.txt|canon/canonical_story_tree/books/Book_04_Crocodile_Smile/book_content.txt	market	timeline|relationships|scenes|quests|world	implemented_reference_map	reference_extracted_pending_domain_review
WDM-ECONOMY-3569051e8ec3	economy	Pip Says Less Than He	canon/canonical_story_tree/all_25_books_latest_full_cycle.txt|canon/canonical_story_tree/books/Book_04_Crocodile_Smile/book_content.txt	market	timeline|relationships|scenes|quests|world	implemented_reference_map	reference_extracted_pending_domain_review
WDM-ECONOMY-3f77d70d2eda	economy	Knows	canon/canonical_story_tree/all_25_books_latest_full_cycle.txt|canon/canonical_story_tree/books/Book_04_Crocodile_Smile/book_content.txt	market	timeline|relationships|scenes|quests|world	implemented_reference_map	reference_extracted_pending_domain_review
WDM-ECONOMY-fabbff71dc45	economy	Secrecy Grows Not from Dishonesty	canon/canonical_story_tree/all_25_books_latest_full_cycle.txt|canon/canonical_story_tree/books/Book_04_Crocodile_Smile/book_content.txt	market	timeline|relationships|scenes|quests|world	implemented_reference_map	reference_extracted_pending_domain_review
WDM-ECONOMY-da72e200fc1d	economy	but Uncertainty	canon/canonical_story_tree/all_25_books_latest_full_cycle.txt|canon/canonical_story_tree/books/Book_04_Crocodile_Smile/book_content.txt	market	timeline|relationships|scenes|quests|world	implemented_reference_map	reference_extracted_pending_domain_review
WDM-ECONOMY-abf20f4d1e76	economy	The Market Turns Playful in	canon/canonical_story_tree/all_25_books_latest_full_cycle.txt|canon/canonical_story_tree/books/Book_04_Crocodile_Smile/book_content.txt	market	timeline|relationships|scenes|quests|world	implemented_reference_map	reference_extracted_pending_domain_review
WDM-ECONOMY-e6717cef8b30	economy	the Wrong Way	canon/canonical_story_tree/all_25_books_latest_full_cycle.txt|canon/canonical_story_tree/books/Book_04_Crocodile_Smile/book_content.txt	market	timeline|relationships|scenes|quests|world	implemented_reference_map	reference_extracted_pending_domain_review
WDM-ECONOMY-f05422c209e7	economy	Ordinary Social Energy Becomes Subtly	canon/canonical_story_tree/all_25_books_latest_full_cycle.txt|canon/canonical_story_tree/books/Book_04_Crocodile_Smile/book_content.txt	market	timeline|relationships|scenes|quests|world	implemented_reference_map	reference_extracted_pending_domain_review
WDM-ECONOMY-ab2cbb92f66b	economy	Predatory	canon/canonical_story_tree/all_25_books_latest_full_cycle.txt|canon/canonical_story_tree/books/Book_04_Crocodile_Smile/book_content.txt	market	timeline|relationships|scenes|quests|world	implemented_reference_map	reference_extracted_pending_domain_review
WDM-ECONOMY-f0e855f119bd	economy	Passing Word Cuts Too Deep	canon/canonical_story_tree/all_25_books_latest_full_cycle.txt|canon/canonical_story_tree/books/Book_04_Crocodile_Smile/book_content.txt	market	timeline|relationships|scenes|quests|world	implemented_reference_map	reference_extracted_pending_domain_review
WDM-ECONOMY-2786654a0e8e	economy	Stray Remark or Tone Suggests	canon/canonical_story_tree/all_25_books_latest_full_cycle.txt|canon/canonical_story_tree/books/Book_04_Crocodile_Smile/book_content.txt	market	timeline|relationships|scenes|quests|world	implemented_reference_map	reference_extracted_pending_domain_review
WDM-ECONOMY-2c82fc1a5ac4	economy	He Is Already Being Read	canon/canonical_story_tree/all_25_books_latest_full_cycle.txt|canon/canonical_story_tree/books/Book_04_Crocodile_Smile/book_content.txt	market	timeline|relationships|scenes|quests|world	implemented_reference_map	reference_extracted_pending_domain_review
WDM-ECONOMY-3e9a9119b5bf	economy	Placed Beats	canon/canonical_story_tree/all_25_books_latest_full_cycle.txt|canon/canonical_story_tree/books/Book_09_The_Diamond_Breaks/book_content.txt	market	timeline|relationships|scenes|quests|world	implemented_reference_map	reference_extracted_pending_domain_review
WDM-ECONOMY-70e94fd4bd3d	economy	B09	canon/canonical_story_tree/all_25_books_latest_full_cycle.txt|canon/canonical_story_tree/books/Book_09_The_Diamond_Breaks/book_content.txt	market	timeline|relationships|scenes|quests|world	implemented_reference_map	reference_extracted_pending_domain_review
WDM-ECONOMY-63cf9c78276d	economy	Revelation	canon/canonical_story_tree/all_25_books_latest_full_cycle.txt|canon/canonical_story_tree/books/Book_09_The_Diamond_Breaks/book_content.txt	market	timeline|relationships|scenes|quests|world	implemented_reference_map	reference_extracted_pending_domain_review
WDM-ECONOMY-2f14822149d9	economy	Vane	canon/canonical_story_tree/all_25_books_latest_full_cycle.txt|canon/canonical_story_tree/books/Book_09_The_Diamond_Breaks/book_content.txt	market	timeline|relationships|scenes|quests|world	implemented_reference_map	reference_extracted_pending_domain_review
WDM-ECONOMY-252d8759da19	economy	Revelation Of The Vane	canon/canonical_story_tree/all_25_books_latest_full_cycle.txt|canon/canonical_story_tree/books/Book_09_The_Diamond_Breaks/book_content.txt	market	timeline|relationships|scenes|quests|world	implemented_reference_map	reference_extracted_pending_domain_review
WDM-ECONOMY-edd220fe175b	economy	proof discovery	canon/canonical_story_tree/all_25_books_latest_full_cycle.txt|canon/canonical_story_tree/books/Book_09_The_Diamond_Breaks/book_content.txt	market	timeline|relationships|scenes|quests|world	implemented_reference_map	reference_extracted_pending_domain_review
WDM-ECONOMY-091ea551a819	economy	betrayal exposed	canon/canonical_story_tree/all_25_books_latest_full_cycle.txt|canon/canonical_story_tree/books/Book_09_The_Diamond_Breaks/book_content.txt	market	timeline|relationships|scenes|quests|world	implemented_reference_map	reference_extracted_pending_domain_review
WDM-ECONOMY-3434d86458a3	economy	Glass Palace analysis	canon/canonical_story_tree/all_25_books_latest_full_cycle.txt|canon/canonical_story_tree/books/Book_09_The_Diamond_Breaks/book_content.txt	market	timeline|relationships|scenes|quests|world	implemented_reference_map	reference_extracted_pending_domain_review
WDM-ECONOMY-b2ab7b9479ec	economy	return-path zone	canon/canonical_story_tree/all_25_books_latest_full_cycle.txt|canon/canonical_story_tree/books/Book_09_The_Diamond_Breaks/book_content.txt	market	timeline|relationships|scenes|quests|world	implemented_reference_map	reference_extracted_pending_domain_review
WDM-ECONOMY-9fcf0ddbac95	economy	"notes
Canon-backed siphon revelation"	canon/canonical_story_tree/all_25_books_latest_full_cycle.txt|canon/canonical_story_tree/books/Book_09_The_Diamond_Breaks/book_content.txt	market	timeline|relationships|scenes|quests|world	implemented_reference_map	reference_extracted_pending_domain_review
WDM-ECONOMY-760c07c1fcee	economy	systematic dead spots become undeniable	canon/canonical_story_tree/all_25_books_latest_full_cycle.txt|canon/canonical_story_tree/books/Book_09_The_Diamond_Breaks/book_content.txt	market	timeline|relationships|scenes|quests|world	implemented_reference_map	reference_extracted_pending_domain_review
WDM-ECONOMY-5e9caf6bb755	economy	evidence	canon/canonical_story_tree/all_25_books_latest_full_cycle.txt|canon/canonical_story_tree/books/Book_09_The_Diamond_Breaks/book_content.txt	market	timeline|relationships|scenes|quests|world	implemented_reference_map	reference_extracted_pending_domain_review
WDM-ECONOMY-481479e84bb0	economy	S009 The-Sanctuary-Feels-Like-a-Body-Waking-From-Injury	canon/canonical_story_tree/all_25_books_latest_full_cycle.txt|canon/canonical_story_tree/books/Book_13_The_Afterwake/book_content.txt	debt	timeline|relationships|scenes|quests|world	implemented_reference_map	reference_extracted_pending_domain_review
WDM-ECONOMY-e350df27b340	economy	Setting truth deepens	canon/canonical_story_tree/all_25_books_latest_full_cycle.txt|canon/canonical_story_tree/books/Book_13_The_Afterwake/book_content.txt	debt	timeline|relationships|scenes|quests|world	implemented_reference_map	reference_extracted_pending_domain_review
WDM-ECONOMY-9da30c1e299a	economy	S010 Pip-Does-Not-Imagine-the-New-Motion-Will-Make-Magic-Easy	canon/canonical_story_tree/all_25_books_latest_full_cycle.txt|canon/canonical_story_tree/books/Book_13_The_Afterwake/book_content.txt	debt	timeline|relationships|scenes|quests|world	implemented_reference_map	reference_extracted_pending_domain_review
WDM-ECONOMY-b40157c972ca	economy	Sonomancy remains hard	canon/canonical_story_tree/all_25_books_latest_full_cycle.txt|canon/canonical_story_tree/books/Book_13_The_Afterwake/book_content.txt	debt	timeline|relationships|scenes|quests|world	implemented_reference_map	reference_extracted_pending_domain_review
WDM-ECONOMY-cb80bf352ab7	economy	S011 Mack-Names-the-Afterwake-As-Debt-Coming-Due-In-Motion	canon/canonical_story_tree/all_25_books_latest_full_cycle.txt|canon/canonical_story_tree/books/Book_13_The_Afterwake/book_content.txt	debt	timeline|relationships|scenes|quests|world	implemented_reference_map	reference_extracted_pending_domain_review
WDM-ECONOMY-5e2a396ed8bc	economy	Deity-scale reading enters	canon/canonical_story_tree/all_25_books_latest_full_cycle.txt|canon/canonical_story_tree/books/Book_13_The_Afterwake/book_content.txt	debt	timeline|relationships|scenes|quests|world	implemented_reference_map	reference_extracted_pending_domain_review
WDM-ECONOMY-afcb30d405fb	economy	S012 The-Beat-Ends-with-Afterwake-Classified-Correctly	canon/canonical_story_tree/all_25_books_latest_full_cycle.txt|canon/canonical_story_tree/books/Book_13_The_Afterwake/book_content.txt	debt	timeline|relationships|scenes|quests|world	implemented_reference_map	reference_extracted_pending_domain_review
WDM-ECONOMY-64a6cccbb5e7	economy	begins under recovery-strain law	canon/canonical_story_tree/all_25_books_latest_full_cycle.txt|canon/canonical_story_tree/books/Book_13_The_Afterwake/book_content.txt	debt	timeline|relationships|scenes|quests|world	implemented_reference_map	reference_extracted_pending_domain_review
WDM-ECONOMY-6615cb380c79	economy	B13	canon/canonical_story_tree/all_25_books_latest_full_cycle.txt|canon/canonical_story_tree/books/Book_13_The_Afterwake/book_content.txt	debt	timeline|relationships|scenes|quests|world	implemented_reference_map	reference_extracted_pending_domain_review
WDM-ECONOMY-b53e93e0d85a	economy	The World Remembers What It	canon/canonical_story_tree/all_25_books_latest_full_cycle.txt|canon/canonical_story_tree/books/Book_13_The_Afterwake/book_content.txt	debt	timeline|relationships|scenes|quests|world	implemented_reference_map	reference_extracted_pending_domain_review
WDM-ECONOMY-723d749edde7	economy	book-level anchor only	canon/canonical_story_tree/all_25_books_latest_full_cycle.txt|canon/canonical_story_tree/books/Book_19_The_Cracking_Core/book_content.txt	debt	timeline|relationships|scenes|quests|world	implemented_reference_map	reference_extracted_pending_domain_review
WDM-ECONOMY-1893ab765cb0	economy	Cracking	canon/canonical_story_tree/all_25_books_latest_full_cycle.txt|canon/canonical_story_tree/books/Book_19_The_Cracking_Core/book_content.txt	debt	timeline|relationships|scenes|quests|world	implemented_reference_map	reference_extracted_pending_domain_review
WDM-ECONOMY-007ad2321661	economy	Core	canon/canonical_story_tree/all_25_books_latest_full_cycle.txt|canon/canonical_story_tree/books/Book_19_The_Cracking_Core/book_content.txt	debt	timeline|relationships|scenes|quests|world	implemented_reference_map	reference_extracted_pending_domain_review
WDM-ECONOMY-e27e18bc081e	economy	none placed yet	canon/canonical_story_tree/all_25_books_latest_full_cycle.txt|canon/canonical_story_tree/books/Book_19_The_Cracking_Core/book_content.txt	debt	timeline|relationships|scenes|quests|world	implemented_reference_map	reference_extracted_pending_domain_review
WDM-ECONOMY-afca7d7518b0	economy	B19	canon/canonical_story_tree/all_25_books_latest_full_cycle.txt|canon/canonical_story_tree/books/Book_19_The_Cracking_Core/book_content.txt	debt	timeline|relationships|scenes|quests|world	implemented_reference_map	reference_extracted_pending_domain_review
WDM-ECONOMY-f00e1eaa9f24	economy	Forest	canon/canonical_story_tree/all_25_books_latest_full_cycle.txt|canon/canonical_story_tree/books/Book_19_The_Cracking_Core/book_content.txt	debt	timeline|relationships|scenes|quests|world	implemented_reference_map	reference_extracted_pending_domain_review
WDM-ECONOMY-d19c81af48c0	economy	Bleeding	canon/canonical_story_tree/all_25_books_latest_full_cycle.txt|canon/canonical_story_tree/books/Book_19_The_Cracking_Core/book_content.txt	debt	timeline|relationships|scenes|quests|world	implemented_reference_map	reference_extracted_pending_domain_review
WDM-ECONOMY-8c3822beac3a	economy	Hidden	canon/canonical_story_tree/all_25_books_latest_full_cycle.txt|canon/canonical_story_tree/books/Book_19_The_Cracking_Core/book_content.txt	debt	timeline|relationships|scenes|quests|world	implemented_reference_map	reference_extracted_pending_domain_review
WDM-ECONOMY-e70f98c137ed	economy	Mirror	canon/canonical_story_tree/all_25_books_latest_full_cycle.txt|canon/canonical_story_tree/books/Book_19_The_Cracking_Core/book_content.txt	debt	timeline|relationships|scenes|quests|world	implemented_reference_map	reference_extracted_pending_domain_review
WDM-ECONOMY-845cab41cdf1	economy	Unplaced Candidates For This Book	canon/canonical_story_tree/all_25_books_latest_full_cycle.txt|canon/canonical_story_tree/books/Book_19_The_Cracking_Core/book_content.txt	debt	timeline|relationships|scenes|quests|world	implemented_reference_map	reference_extracted_pending_domain_review
WDM-ECONOMY-460ddc14e0e9	economy	Use this file to park	canon/canonical_story_tree/all_25_books_latest_full_cycle.txt|canon/canonical_story_tree/books/Book_19_The_Cracking_Core/book_content.txt	debt	timeline|relationships|scenes|quests|world	implemented_reference_map	reference_extracted_pending_domain_review
WDM-ECONOMY-325e293e884b	economy	beats that seem to belong	canon/canonical_story_tree/all_25_books_latest_full_cycle.txt|canon/canonical_story_tree/books/Book_19_The_Cracking_Core/book_content.txt	debt	timeline|relationships|scenes|quests|world	implemented_reference_map	reference_extracted_pending_domain_review
WDM-ECONOMY-825d7b2dc219	economy	here but are not confirmed	canon/canonical_story_tree/all_25_books_latest_full_cycle.txt|canon/canonical_story_tree/books/Book_19_The_Cracking_Core/book_content.txt	debt	timeline|relationships|scenes|quests|world	implemented_reference_map	reference_extracted_pending_domain_review
WDM-ECONOMY-471f91971697	economy	yet	canon/canonical_story_tree/all_25_books_latest_full_cycle.txt|canon/canonical_story_tree/books/Book_19_The_Cracking_Core/book_content.txt	debt	timeline|relationships|scenes|quests|world	implemented_reference_map	reference_extracted_pending_domain_review
WDM-ECONOMY-17d309a1a778	economy	map	canon/canonical_story_tree/all_25_books_latest_full_cycle.txt|canon/canonical_story_tree/books/Book_19_The_Cracking_Core/book_content.txt	debt	timeline|relationships|scenes|quests|world	implemented_reference_map	reference_extracted_pending_domain_review
WDM-ECONOMY-674256513bf7	economy	time map	canon/canonical_story_tree/all_25_books_latest_full_cycle.txt|canon/canonical_story_tree/books/Book_19_The_Cracking_Core/book_content.txt	debt	timeline|relationships|scenes|quests|world	implemented_reference_map	reference_extracted_pending_domain_review
WDM-ECONOMY-ff53c88af9c9	economy	no mapped beats yet	canon/canonical_story_tree/all_25_books_latest_full_cycle.txt|canon/canonical_story_tree/books/Book_19_The_Cracking_Core/book_content.txt	debt	timeline|relationships|scenes|quests|world	implemented_reference_map	reference_extracted_pending_domain_review
WDM-ECONOMY-a0a17151dceb	economy	scene	canon/canonical_story_tree/all_25_books_latest_full_cycle.txt|canon/canonical_story_tree/books/Book_19_The_Cracking_Core/book_content.txt	debt	timeline|relationships|scenes|quests|world	implemented_reference_map	reference_extracted_pending_domain_review
WDM-ECONOMY-f023a397c5cf	economy	spine	canon/canonical_story_tree/all_25_books_latest_full_cycle.txt|canon/canonical_story_tree/books/Book_19_The_Cracking_Core/book_content.txt	debt	timeline|relationships|scenes|quests|world	implemented_reference_map	reference_extracted_pending_domain_review
WDM-ECONOMY-79c80e22c65f	economy	The Cracking Core Scene Spine	canon/canonical_story_tree/all_25_books_latest_full_cycle.txt|canon/canonical_story_tree/books/Book_19_The_Cracking_Core/book_content.txt	debt	timeline|relationships|scenes|quests|world	implemented_reference_map	reference_extracted_pending_domain_review
WDM-ECONOMY-e3f62631f403	economy	salvage	canon/canonical_story_tree/all_25_books_latest_full_cycle.txt|canon/canonical_story_tree/books/Book_19_The_Cracking_Core/book_content.txt	debt	timeline|relationships|scenes|quests|world	implemented_reference_map	reference_extracted_pending_domain_review
WDM-ECONOMY-ef83aedd0e39	economy	The Cracking Core	canon/canonical_story_tree/all_25_books_latest_full_cycle.txt|canon/canonical_story_tree/books/Book_19_The_Cracking_Core/book_content.txt	debt	timeline|relationships|scenes|quests|world	implemented_reference_map	reference_extracted_pending_domain_review
WDM-ECONOMY-dc64d2876581	economy	"Salvage Beats

Status"	canon/canonical_story_tree/all_25_books_latest_full_cycle.txt|canon/canonical_story_tree/books/Book_19_The_Cracking_Core/book_content.txt	debt	timeline|relationships|scenes|quests|world	implemented_reference_map	reference_extracted_pending_domain_review
WDM-ECONOMY-92c688cf4abe	economy	"additive completion pass
Authority"	canon/canonical_story_tree/all_25_books_latest_full_cycle.txt|canon/canonical_story_tree/books/Book_19_The_Cracking_Core/book_content.txt	debt	timeline|relationships|scenes|quests|world	implemented_reference_map	reference_extracted_pending_domain_review
WDM-ECONOMY-af52671beda2	economy	character salvage integration	canon/canonical_story_tree/all_25_books_latest_full_cycle.txt|canon/canonical_story_tree/books/Book_19_The_Cracking_Core/book_content.txt	debt	timeline|relationships|scenes|quests|world	implemented_reference_map	reference_extracted_pending_domain_review
WDM-ECONOMY-97e3a3c4401f	economy	Pip's old innocence survives as	canon/canonical_story_tree/all_25_books_latest_full_cycle.txt|canon/canonical_story_tree/books/Book_19_The_Cracking_Core/book_content.txt	debt	timeline|relationships|scenes|quests|world	implemented_reference_map	reference_extracted_pending_domain_review
WDM-ECONOMY-799243a74a69	economy	moral refusal	canon/canonical_story_tree/all_25_books_latest_full_cycle.txt|canon/canonical_story_tree/books/Book_19_The_Cracking_Core/book_content.txt	debt	timeline|relationships|scenes|quests|world	implemented_reference_map	reference_extracted_pending_domain_review
WDM-ECONOMY-1b7ce515323e	economy	not ignorance	canon/canonical_story_tree/all_25_books_latest_full_cycle.txt|canon/canonical_story_tree/books/Book_19_The_Cracking_Core/book_content.txt	debt	timeline|relationships|scenes|quests|world	implemented_reference_map	reference_extracted_pending_domain_review
WDM-ECONOMY-47a9577bfffc	economy	his age shows as steadiness	canon/canonical_story_tree/all_25_books_latest_full_cycle.txt|canon/canonical_story_tree/books/Book_19_The_Cracking_Core/book_content.txt	debt	timeline|relationships|scenes|quests|world	implemented_reference_map	reference_extracted_pending_domain_review
WDM-ECONOMY-d346d7b23ab0	economy	under revelation	canon/canonical_story_tree/all_25_books_latest_full_cycle.txt|canon/canonical_story_tree/books/Book_19_The_Cracking_Core/book_content.txt	debt	timeline|relationships|scenes|quests|world	implemented_reference_map	reference_extracted_pending_domain_review
WDM-ECONOMY-f4d635df7297	economy	Ursula remains mostly ghost here	canon/canonical_story_tree/all_25_books_latest_full_cycle.txt|canon/canonical_story_tree/books/Book_19_The_Cracking_Core/book_content.txt	debt	timeline|relationships|scenes|quests|world	implemented_reference_map	reference_extracted_pending_domain_review
WDM-ECONOMY-9fd0c4f565e6	economy	enormous	canon/canonical_story_tree/all_25_books_latest_full_cycle.txt|canon/canonical_story_tree/books/Book_19_The_Cracking_Core/book_content.txt	debt	timeline|relationships|scenes|quests|world	implemented_reference_map	reference_extracted_pending_domain_review
WDM-ECONOMY-702ce9fdbd62	economy	felt	canon/canonical_story_tree/all_25_books_latest_full_cycle.txt|canon/canonical_story_tree/books/Book_19_The_Cracking_Core/book_content.txt	debt	timeline|relationships|scenes|quests|world	implemented_reference_map	reference_extracted_pending_domain_review
WDM-ECONOMY-641a87aa8a75	economy	not fully restored	canon/canonical_story_tree/all_25_books_latest_full_cycle.txt|canon/canonical_story_tree/books/Book_19_The_Cracking_Core/book_content.txt	debt	timeline|relationships|scenes|quests|world	implemented_reference_map	reference_extracted_pending_domain_review
WDM-ECONOMY-297a9d2aaeff	economy	"Debt
Function"	canon/canonical_story_tree/all_25_books_latest_full_cycle.txt|canon/canonical_story_tree/books/Book_19_The_Cracking_Core/book_content.txt	debt	timeline|relationships|scenes|quests|world	implemented_reference_map	reference_extracted_pending_domain_review
WDM-ECONOMY-c20486effd62	economy	precursor Boojay mirror beat loads	canon/canonical_story_tree/all_25_books_latest_full_cycle.txt|canon/canonical_story_tree/books/Book_19_The_Cracking_Core/book_content.txt	debt	timeline|relationships|scenes|quests|world	implemented_reference_map	reference_extracted_pending_domain_review
WDM-ECONOMY-69853733b353	economy	the charged calm of Book	canon/canonical_story_tree/all_25_books_latest_full_cycle.txt|canon/canonical_story_tree/books/Book_19_The_Cracking_Core/book_content.txt	debt	timeline|relationships|scenes|quests|world	implemented_reference_map	reference_extracted_pending_domain_review
WDM-ECONOMY-5de91e9c44b2	economy	Required truths	canon/canonical_story_tree/all_25_books_latest_full_cycle.txt|canon/canonical_story_tree/books/Book_19_The_Cracking_Core/book_content.txt	debt	timeline|relationships|scenes|quests|world	implemented_reference_map	reference_extracted_pending_domain_review
WDM-ECONOMY-4823be6b33a4	economy	Boojay cannot fully recover the	canon/canonical_story_tree/all_25_books_latest_full_cycle.txt|canon/canonical_story_tree/books/Book_19_The_Cracking_Core/book_content.txt	debt	timeline|relationships|scenes|quests|world	implemented_reference_map	reference_extracted_pending_domain_review
WDM-ECONOMY-ce3747f0d8c7	economy	old manipulation pattern	canon/canonical_story_tree/all_25_books_latest_full_cycle.txt|canon/canonical_story_tree/books/Book_19_The_Cracking_Core/book_content.txt	debt	timeline|relationships|scenes|quests|world	implemented_reference_map	reference_extracted_pending_domain_review
WDM-ECONOMY-f2f0e5ef9a5f	economy	Pip sees too clearly now	canon/canonical_story_tree/all_25_books_latest_full_cycle.txt|canon/canonical_story_tree/books/Book_19_The_Cracking_Core/book_content.txt	debt	timeline|relationships|scenes|quests|world	implemented_reference_map	reference_extracted_pending_domain_review
WDM-ECONOMY-639897dc800c	economy	Concrete Gate Speech	canon/canonical_story_tree/all_25_books_latest_full_cycle.txt|canon/canonical_story_tree/books/Book_22_The_Last_Open_Gate/book_content.txt	debt	timeline|relationships|scenes|quests|world	implemented_reference_map	reference_extracted_pending_domain_review
WDM-ECONOMY-a349c0c5d0b2	economy	dialogue must sound like people	canon/canonical_story_tree/all_25_books_latest_full_cycle.txt|canon/canonical_story_tree/books/Book_22_The_Last_Open_Gate/book_content.txt	debt	timeline|relationships|scenes|quests|world	implemented_reference_map	reference_extracted_pending_domain_review
WDM-ECONOMY-acd5064fee5b	economy	reacting to specific outcomes	canon/canonical_story_tree/all_25_books_latest_full_cycle.txt|canon/canonical_story_tree/books/Book_22_The_Last_Open_Gate/book_content.txt	debt	timeline|relationships|scenes|quests|world	implemented_reference_map	reference_extracted_pending_domain_review
WDM-ECONOMY-efb148d98e4c	economy	avoid abstract destiny language unless	canon/canonical_story_tree/all_25_books_latest_full_cycle.txt|canon/canonical_story_tree/books/Book_22_The_Last_Open_Gate/book_content.txt	debt	timeline|relationships|scenes|quests|world	implemented_reference_map	reference_extracted_pending_domain_review
WDM-ECONOMY-2ac778ae5cb1	economy	character would truly use it	canon/canonical_story_tree/all_25_books_latest_full_cycle.txt|canon/canonical_story_tree/books/Book_22_The_Last_Open_Gate/book_content.txt	debt	timeline|relationships|scenes|quests|world	implemented_reference_map	reference_extracted_pending_domain_review
WDM-ECONOMY-7cc1f405f11e	economy	people should speak from debt	canon/canonical_story_tree/all_25_books_latest_full_cycle.txt|canon/canonical_story_tree/books/Book_22_The_Last_Open_Gate/book_content.txt	debt	timeline|relationships|scenes|quests|world	implemented_reference_map	reference_extracted_pending_domain_review
WDM-ECONOMY-2ba9720a8779	economy	consequence	canon/canonical_story_tree/all_25_books_latest_full_cycle.txt|canon/canonical_story_tree/books/Book_22_The_Last_Open_Gate/book_content.txt	debt	timeline|relationships|scenes|quests|world	implemented_reference_map	reference_extracted_pending_domain_review
WDM-ECONOMY-9e8f72b3b95b	economy	regret	canon/canonical_story_tree/all_25_books_latest_full_cycle.txt|canon/canonical_story_tree/books/Book_22_The_Last_Open_Gate/book_content.txt	debt	timeline|relationships|scenes|quests|world	implemented_reference_map	reference_extracted_pending_domain_review
WDM-ECONOMY-445d523f13f1	economy	loyalty	canon/canonical_story_tree/all_25_books_latest_full_cycle.txt|canon/canonical_story_tree/books/Book_22_The_Last_Open_Gate/book_content.txt	debt	timeline|relationships|scenes|quests|world	implemented_reference_map	reference_extracted_pending_domain_review
WDM-ECONOMY-cdd1abff9cd1	economy	and loss	canon/canonical_story_tree/all_25_books_latest_full_cycle.txt|canon/canonical_story_tree/books/Book_22_The_Last_Open_Gate/book_content.txt	debt	timeline|relationships|scenes|quests|world	implemented_reference_map	reference_extracted_pending_domain_review
WDM-ECONOMY-cbe43ea20613	economy	Dialogue Target	canon/canonical_story_tree/all_25_books_latest_full_cycle.txt|canon/canonical_story_tree/books/Book_22_The_Last_Open_Gate/book_content.txt	debt	timeline|relationships|scenes|quests|world	implemented_reference_map	reference_extracted_pending_domain_review
WDM-ECONOMY-9c2ae36af114	economy	Threshold Tyrant	canon/canonical_story_tree/all_25_books_latest_full_cycle.txt|canon/canonical_story_tree/books/Book_22_The_Last_Open_Gate/book_content.txt	debt	timeline|relationships|scenes|quests|world	implemented_reference_map	reference_extracted_pending_domain_review
WDM-ECONOMY-0d630e875474	economy	their speech should reveal ownership	canon/canonical_story_tree/all_25_books_latest_full_cycle.txt|canon/canonical_story_tree/books/Book_22_The_Last_Open_Gate/book_content.txt	debt	timeline|relationships|scenes|quests|world	implemented_reference_map	reference_extracted_pending_domain_review
WDM-ECONOMY-9a0be4d7c95a	economy	pathology	canon/canonical_story_tree/all_25_books_latest_full_cycle.txt|canon/canonical_story_tree/books/Book_22_The_Last_Open_Gate/book_content.txt	debt	timeline|relationships|scenes|quests|world	implemented_reference_map	reference_extracted_pending_domain_review
WDM-ECONOMY-f0fdc8a926c0	economy	they should sound offended that	canon/canonical_story_tree/all_25_books_latest_full_cycle.txt|canon/canonical_story_tree/books/Book_22_The_Last_Open_Gate/book_content.txt	debt	timeline|relationships|scenes|quests|world	implemented_reference_map	reference_extracted_pending_domain_review
WDM-ECONOMY-f9d4e74b93ce	economy	reality is not yielding to	canon/canonical_story_tree/all_25_books_latest_full_cycle.txt|canon/canonical_story_tree/books/Book_22_The_Last_Open_Gate/book_content.txt	debt	timeline|relationships|scenes|quests|world	implemented_reference_map	reference_extracted_pending_domain_review
WDM-ECONOMY-c03fade0a8f8	economy	editorial	canon/canonical_story_tree/all_25_books_latest_full_cycle.txt	market	timeline|relationships|scenes|quests|world	implemented_reference_map	reference_extracted_pending_domain_review
WDM-ECONOMY-5ad62d56f8f0	economy	review	canon/canonical_story_tree/all_25_books_latest_full_cycle.txt	market	timeline|relationships|scenes|quests|world	implemented_reference_map	reference_extracted_pending_domain_review
WDM-ECONOMY-cec5d85df399	economy	deferred	canon/canonical_story_tree/all_25_books_latest_full_cycle.txt	market	timeline|relationships|scenes|quests|world	implemented_reference_map	reference_extracted_pending_domain_review
WDM-ECONOMY-c7abd1f580ad	economy	pending	canon/canonical_story_tree/all_25_books_latest_full_cycle.txt	market	timeline|relationships|scenes|quests|world	implemented_reference_map	reference_extracted_pending_domain_review
WDM-ECONOMY-75e300f73261	economy	full	canon/canonical_story_tree/all_25_books_latest_full_cycle.txt	market	timeline|relationships|scenes|quests|world	implemented_reference_map	reference_extracted_pending_domain_review
WDM-ECONOMY-1edfc34a830c	economy	cycle	canon/canonical_story_tree/all_25_books_latest_full_cycle.txt	market	timeline|relationships|scenes|quests|world	implemented_reference_map	reference_extracted_pending_domain_review
WDM-ECONOMY-e8ab88a3ebfb	economy	First	canon/canonical_story_tree/all_25_books_latest_full_cycle.txt	market	timeline|relationships|scenes|quests|world	implemented_reference_map	reference_extracted_pending_domain_review
WDM-ECONOMY-87ac8d6c8370	economy	Thread	canon/canonical_story_tree/all_25_books_latest_full_cycle.txt	market	timeline|relationships|scenes|quests|world	implemented_reference_map	reference_extracted_pending_domain_review
WDM-ECONOMY-3a8b65ea9179	economy	Structural Spine	canon/canonical_story_tree/all_25_books_latest_full_cycle.txt	market	timeline|relationships|scenes|quests|world	implemented_reference_map	reference_extracted_pending_domain_review
WDM-ECONOMY-df6baab99dd1	economy	The Ash-Born	canon/canonical_story_tree/world/wowas_world_zone_map.json	resource	timeline|relationships|scenes|quests|world	implemented_reference_map	reference_extracted_pending_domain_review
WDM-ECONOMY-3432c98abe63	economy	population	canon/canonical_story_tree/world/wowas_world_zone_map.json	resource	timeline|relationships|scenes|quests|world	implemented_reference_map	reference_extracted_pending_domain_review
WDM-ECONOMY-c8fbb0306e3d	economy	estimate	canon/canonical_story_tree/world/wowas_world_zone_map.json	resource	timeline|relationships|scenes|quests|world	implemented_reference_map	reference_extracted_pending_domain_review
WDM-ECONOMY-8d996fb3d424	economy	primary	canon/canonical_story_tree/world/wowas_world_zone_map.json	resource	timeline|relationships|scenes|quests|world	implemented_reference_map	reference_extracted_pending_domain_review
WDM-ECONOMY-01f6629a79e2	economy	settlement	canon/canonical_story_tree/world/wowas_world_zone_map.json	resource	timeline|relationships|scenes|quests|world	implemented_reference_map	reference_extracted_pending_domain_review
WDM-ECONOMY-fcbd68b43b74	economy	The Forge Plateau	canon/canonical_story_tree/world/wowas_world_zone_map.json	resource	timeline|relationships|scenes|quests|world	implemented_reference_map	reference_extracted_pending_domain_review
WDM-ECONOMY-80972baa9199	economy	secondary	canon/canonical_story_tree/world/wowas_world_zone_map.json	resource	timeline|relationships|scenes|quests|world	implemented_reference_map	reference_extracted_pending_domain_review
WDM-ECONOMY-69771d03f7c5	economy	presence	canon/canonical_story_tree/world/wowas_world_zone_map.json	resource	timeline|relationships|scenes|quests|world	implemented_reference_map	reference_extracted_pending_domain_review
WDM-ECONOMY-a6ec747f71a6	economy	perimeter watch stations	canon/canonical_story_tree/world/wowas_world_zone_map.json	resource	timeline|relationships|scenes|quests|world	implemented_reference_map	reference_extracted_pending_domain_review
WDM-ECONOMY-955b9ec89d1c	economy	resource extraction sites	canon/canonical_story_tree/world/wowas_world_zone_map.json	resource	timeline|relationships|scenes|quests|world	implemented_reference_map	reference_extracted_pending_domain_review
WDM-ECONOMY-8f5bd9956273	economy	The Iron Accord	canon/canonical_story_tree/world/wowas_world_zone_map.json	resource	timeline|relationships|scenes|quests|world	implemented_reference_map	reference_extracted_pending_domain_review
WDM-ECONOMY-eb335f6bff6c	economy	note	canon/canonical_story_tree/world/wowas_world_zone_map.json	resource	timeline|relationships|scenes|quests|world	implemented_reference_map	reference_extracted_pending_domain_review
WDM-ECONOMY-6f3976883e9e	economy	presence disputed	canon/canonical_story_tree/world/wowas_world_zone_map.json	resource	timeline|relationships|scenes|quests|world	implemented_reference_map	reference_extracted_pending_domain_review
WDM-ECONOMY-675ff7a463a5	economy	Iron Accord has supply route	canon/canonical_story_tree/world/wowas_world_zone_map.json	resource	timeline|relationships|scenes|quests|world	implemented_reference_map	reference_extracted_pending_domain_review
WDM-ECONOMY-53bf8e7b5dd1	economy	agreements that require access	canon/canonical_story_tree/world/wowas_world_zone_map.json	resource	timeline|relationships|scenes|quests|world	implemented_reference_map	reference_extracted_pending_domain_review
