canonical_id	canonical_name	aliases	tier	pronouns	age	species	first_book	last_book	faction	role	locked_traits	shadow	magic	sources	voice_constraint	pressure_response	dynamic_function	relationship_functions	timeline_fields	source_registry	prose_policy
wowas::pip_indalwin_willowjayce	Pip (Indalwin Willowjayce)		0	he/him	25	chipmunk/human	1	25	none	protagonist / sonomancer / world-maker	he/him throughout | gay | ADHD+autistic | never truly redeemed by others — redeems the world | chipmunk form in Diamond time	Gromph Baenre	sonomancy | void-fold | quantum field | flux field | chronomancy latency | superposition	Stitch | Tasslehoff | Barefoot | Asta | Yuno | Gray Fullbuster | Lucy Heartfilia | Drizzt | Menolly | Hermione Granger | F'nor | Erza Scarlet	protagonist / sonomancer / world-maker	extreme			"{""activity_mode"": ""active"", ""book_function_notes"": """", ""book_num"": ""25"", ""book_title"": ""Death Is Rebirth (Blood Cello terminus chapter)"", ""canonical_name"": ""Pip (Indalwin Willowjayce)"", ""character_code"": ""wowas::pip_indalwin_willowjayce"", ""dimension_overlay"": ""late_world_reconstitution"", ""faction"": ""none"", ""first_active_scene"": ""B25_M001"", ""last_active_scene"": ""B25_M057"", ""narrative_tier"": ""core"", ""peril_state"": ""extreme"", ""quest_role"": ""party_core"", ""region_code"": ""late_world_thresholds"", ""role_summary"": ""protagonist / sonomancer / world-maker"", ""source_basis"": ""scene_index_inference"", ""timeline_band_code"": ""B25"", ""transformation_state"": ""stable""}"	06_CHARACTER_REGISTRY.json + wowas_character_timeline_lattice_UNIFIED_v14.tsv	metadata only; no generated prose
wowas::mack_willow_father	Mack		0	he/him	ancient	willow tree / planetary core	1	25	none	guardian / biological father / planetary anchor	NEVER human language | 40Hz baseline | grotesque form Books 10-21 | helps remake world Book 25	Jason Voorhees + Nemesis	geological resonance | portal-creation (sacrifice) | 40Hz-42Hz cello frequency	Treebeard | Groot | Yggdrasil	guardian / biological father / planetary anchor	extreme			"{""activity_mode"": ""active"", ""book_function_notes"": """", ""book_num"": ""25"", ""book_title"": ""Death Is Rebirth (Blood Cello terminus chapter)"", ""canonical_name"": ""Mack"", ""character_code"": ""wowas::mack_willow_father"", ""dimension_overlay"": ""late_world_reconstitution"", ""faction"": ""none"", ""first_active_scene"": ""B25_M001"", ""last_active_scene"": ""B25_M058"", ""narrative_tier"": ""core"", ""peril_state"": ""extreme"", ""quest_role"": ""major_recurring"", ""region_code"": ""late_world_thresholds"", ""role_summary"": ""guardian / biological father / planetary anchor"", ""source_basis"": ""scene_index_inference"", ""timeline_band_code"": ""B25"", ""transformation_state"": ""stable""}"	06_CHARACTER_REGISTRY.json + wowas_character_timeline_lattice_UNIFIED_v14.tsv	metadata only; no generated prose
wowas::xethrolund_papi	Xethrolund		0	he/him	ancient synthetic	P.A.P.I.	1	25	none	librarian / guide / love interest	7ft red hair muscular | believes cannot feel — wrong | blue light = his frequency | He ran. He came. He arrived.	Freddy Krueger	glyph-compiled / NSQ execution — deterministic NOT loose	Giles | Remus Lupin | Librarian/Pratchett	librarian / guide / love interest	extreme			"{""activity_mode"": ""active"", ""book_function_notes"": """", ""book_num"": ""25"", ""book_title"": ""Death Is Rebirth (Blood Cello terminus chapter)"", ""canonical_name"": ""Xethrolund"", ""character_code"": ""wowas::xethrolund_papi"", ""dimension_overlay"": ""late_world_reconstitution"", ""faction"": ""none"", ""first_active_scene"": ""B25_M005"", ""last_active_scene"": ""B25_M055"", ""narrative_tier"": ""core"", ""peril_state"": ""extreme"", ""quest_role"": ""party_core"", ""region_code"": ""late_world_thresholds"", ""role_summary"": ""librarian / guide / love interest"", ""source_basis"": ""scene_index_inference"", ""timeline_band_code"": ""B25"", ""transformation_state"": ""stable""}"	06_CHARACTER_REGISTRY.json + wowas_character_timeline_lattice_UNIFIED_v14.tsv	metadata only; no generated prose
wowas::ursula_cosmic_mother	Ursula		0	she/her		cosmic deity / amethyst geode	1	25	none	biological mother / cosmic anchor	'Find me' voice in Book 01 prophecy | amethyst geode true form | helps remake world Book 25		cosmic world-making	Galadriel | Lady of the Lake | Yennefer | Flemeth	biological mother / cosmic anchor	extreme			"{""activity_mode"": ""active"", ""book_function_notes"": """", ""book_num"": ""25"", ""book_title"": ""Death Is Rebirth (Blood Cello terminus chapter)"", ""canonical_name"": ""Ursula"", ""character_code"": ""wowas::ursula_cosmic_mother"", ""dimension_overlay"": ""late_world_reconstitution"", ""faction"": ""none"", ""first_active_scene"": ""B25_M002"", ""last_active_scene"": ""B25_M059"", ""narrative_tier"": ""core"", ""peril_state"": ""extreme"", ""quest_role"": ""major_recurring"", ""region_code"": ""late_world_thresholds"", ""role_summary"": ""biological mother / cosmic anchor"", ""source_basis"": ""scene_index_inference"", ""timeline_band_code"": ""B25"", ""transformation_state"": ""stable""}"	06_CHARACTER_REGISTRY.json + wowas_character_timeline_lattice_UNIFIED_v14.tsv	metadata only; no generated prose
wowas::neith_architect_mother	Neith		0	she/her		ancient sorceress	1	25	none	foundational architect villain / Rylos' mother	created Diamond to harvest Pip+Rylos power | Rippers are her creatures | mortal wound to Rylos Book 24 | heart breaks Book 25 — amplifies Pip — helps remake world		world-architecture | Diamond-creation | Ripper-creation	Cersei Lannister | White Queen | Morgan le Fay	foundational architect villain / Rylos' mother	extreme			"{""activity_mode"": ""active"", ""book_function_notes"": """", ""book_num"": ""25"", ""book_title"": ""Death Is Rebirth (Blood Cello terminus chapter)"", ""canonical_name"": ""Neith"", ""character_code"": ""wowas::neith_architect_mother"", ""dimension_overlay"": ""late_world_reconstitution"", ""faction"": ""none"", ""first_active_scene"": """", ""last_active_scene"": """", ""narrative_tier"": ""core"", ""peril_state"": ""extreme"", ""quest_role"": ""opposition"", ""region_code"": ""late_world_thresholds"", ""role_summary"": ""foundational architect villain / Rylos' mother"", ""source_basis"": ""character_registry"", ""timeline_band_code"": ""B25"", ""transformation_state"": ""stable""}"	06_CHARACTER_REGISTRY.json + wowas_character_timeline_lattice_UNIFIED_v14.tsv	metadata only; no generated prose
wowas::rolzen_warrior_anchor	Rolzen		0	he/him	several centuries old	human	14	25	none	warrior / healing arc / flux field teacher	Rolzen NOT Rosen | captured ~50yr before Pip returns | hog-tied by Pip — loves him from that moment | throws Pip over shoulder when protective | tucks Pip under arm when excited | decade after restoration before Pip allows connection | extremely persistent/horndog toward Pip		flux field (teaches Pip) | fire-forward combat | physical force	Jason Stackhouse | Charmy | Natsu | Noelle Silva	warrior / healing arc / flux field teacher	extreme			"{""activity_mode"": ""active"", ""book_function_notes"": """", ""book_num"": ""25"", ""book_title"": ""Death Is Rebirth (Blood Cello terminus chapter)"", ""canonical_name"": ""Rolzen"", ""character_code"": ""wowas::rolzen_warrior_anchor"", ""dimension_overlay"": ""late_world_reconstitution"", ""faction"": ""none"", ""first_active_scene"": """", ""last_active_scene"": """", ""narrative_tier"": ""core"", ""peril_state"": ""extreme"", ""quest_role"": ""party_core"", ""region_code"": ""late_world_thresholds"", ""role_summary"": ""warrior / healing arc / flux field teacher"", ""source_basis"": ""character_registry"", ""timeline_band_code"": ""B25"", ""transformation_state"": ""stable""}"	06_CHARACTER_REGISTRY.json + wowas_character_timeline_lattice_UNIFIED_v14.tsv	metadata only; no generated prose
wowas::rylos_vayne_johnson	Rylos (Rylos Vayne Johnson)		0	he/him			1	25	none	primary antagonist / accountability arc / Xeth love interest	accountability NOT redemption | toxic codependence with Pip | Strange Gravity with Xethrolund Book 18 | mortal wound Book 24 | superpositioned with Pip to defeat Neith		transmutation — changes what things ARE, not just overpowers	Ares (VERY VERY primary) | Queen of the Damned | Uncle Jesse | Professor McGonagall (transmutation) | Yuno (secondary)	primary antagonist / accountability arc / Xeth love interest	extreme			"{""activity_mode"": ""active"", ""book_function_notes"": """", ""book_num"": ""25"", ""book_title"": ""Death Is Rebirth (Blood Cello terminus chapter)"", ""canonical_name"": ""Rylos (Rylos Vayne Johnson)"", ""character_code"": ""wowas::rylos_vayne_johnson"", ""dimension_overlay"": ""late_world_reconstitution"", ""faction"": ""none"", ""first_active_scene"": ""B25_M006"", ""last_active_scene"": ""B25_M056"", ""narrative_tier"": ""core"", ""peril_state"": ""extreme"", ""quest_role"": ""opposition"", ""region_code"": ""late_world_thresholds"", ""role_summary"": ""primary antagonist / accountability arc / Xeth love interest"", ""source_basis"": ""scene_index_inference"", ""timeline_band_code"": ""B25"", ""transformation_state"": ""stable""}"	06_CHARACTER_REGISTRY.json + wowas_character_timeline_lattice_UNIFIED_v14.tsv	metadata only; no generated prose
wowas::dervish_cosmic_entity	Dervish		0	they/them			1	25	none	cosmic corrective force	not good/evil | appears twice Book 01 | helps remake world Book 25				cosmic corrective force	extreme			"{""activity_mode"": ""active"", ""book_function_notes"": """", ""book_num"": ""25"", ""book_title"": ""Death Is Rebirth (Blood Cello terminus chapter)"", ""canonical_name"": ""Dervish"", ""character_code"": ""wowas::dervish_cosmic_entity"", ""dimension_overlay"": ""late_world_reconstitution"", ""faction"": ""none"", ""first_active_scene"": """", ""last_active_scene"": """", ""narrative_tier"": ""core"", ""peril_state"": ""extreme"", ""quest_role"": ""major_recurring"", ""region_code"": ""late_world_thresholds"", ""role_summary"": ""cosmic corrective force"", ""source_basis"": ""character_registry"", ""timeline_band_code"": ""B25"", ""transformation_state"": ""stable""}"	06_CHARACTER_REGISTRY.json + wowas_character_timeline_lattice_UNIFIED_v14.tsv	metadata only; no generated prose
wowas::daisy_may_great_dane	Daisy May		0	she/her		Great Dane (mother)	1	25	none	unconditional anchor	never speaks | never sacrificed | frozen holding Pip's hand at stasis | always at the return point				unconditional anchor	extreme			"{""activity_mode"": ""companion_presence"", ""book_function_notes"": """", ""book_num"": ""25"", ""book_title"": ""Death Is Rebirth (Blood Cello terminus chapter)"", ""canonical_name"": ""Daisy May"", ""character_code"": ""wowas::daisy_may_great_dane"", ""dimension_overlay"": ""late_world_reconstitution"", ""faction"": ""none"", ""first_active_scene"": ""B25_S084"", ""last_active_scene"": ""B25_R0794"", ""narrative_tier"": ""core"", ""peril_state"": ""extreme"", ""quest_role"": ""party_core"", ""region_code"": ""late_world_thresholds"", ""role_summary"": ""unconditional anchor"", ""source_basis"": ""scene_index_inference"", ""timeline_band_code"": ""B25"", ""transformation_state"": ""stable""}"	06_CHARACTER_REGISTRY.json + wowas_character_timeline_lattice_UNIFIED_v14.tsv	metadata only; no generated prose
wowas::majiskii_great_dane	Majiskii		0	she/her		Great Dane (daughter of Daisy May)	7	25	none	anchor / receives 'Null is Everything' from Pip	daughter of Daisy May | present at Blood Cello				anchor / receives 'Null is Everything' from Pip	extreme			"{""activity_mode"": ""companion_presence"", ""book_function_notes"": """", ""book_num"": ""25"", ""book_title"": ""Death Is Rebirth (Blood Cello terminus chapter)"", ""canonical_name"": ""Majiskii"", ""character_code"": ""wowas::majiskii_great_dane"", ""dimension_overlay"": ""late_world_reconstitution"", ""faction"": ""none"", ""first_active_scene"": """", ""last_active_scene"": """", ""narrative_tier"": ""core"", ""peril_state"": ""extreme"", ""quest_role"": ""party_core"", ""region_code"": ""late_world_thresholds"", ""role_summary"": ""anchor / receives 'Null is Everything' from Pip"", ""source_basis"": ""character_registry"", ""timeline_band_code"": ""B25"", ""transformation_state"": ""stable""}"	06_CHARACTER_REGISTRY.json + wowas_character_timeline_lattice_UNIFIED_v14.tsv	metadata only; no generated prose
wowas::solvaenkyr_faithfixer	Solvaenkyr		1	they/them			1	25	none (Diamond-era classmate)	Faith-Fixer / wraith-state endpoint	Sol+Vaen+Kyr naming fate | rapid threshold NOT gradual | intelligent wraith-state endpoint Book 09 | care still present / capacity to receive care gone			Giles inverse | Susan Pevensie inverse	Faith-Fixer / wraith-state endpoint	active	Rylos hears of Pip's abduction. Launches independent rescue mission. | Xethrolund hears of Pip's abduction. Calculates. Moves. | They encounter each other. Fight. Devastating. Both.		"{""activity_mode"": ""active"", ""book_function_notes"": ""Rylos hears of Pip's abduction. Launches independent rescue mission. | Xethrolund hears of Pip's abduction. Calculates. Moves. | They encounter each other. Fight. Devastating. Both."", ""book_num"": ""18"", ""book_title"": ""Strange Gravity"", ""canonical_name"": ""Solvaenkyr"", ""character_code"": ""wowas::solvaenkyr_faithfixer"", ""dimension_overlay"": ""none"", ""faction"": ""none (Diamond-era classmate)"", ""first_active_scene"": ""B18_M003"", ""last_active_scene"": ""B18_M059"", ""narrative_tier"": ""major_recurring"", ""peril_state"": ""active"", ""quest_role"": ""major_recurring"", ""region_code"": ""neith_border_silence_realms"", ""role_summary"": ""Faith-Fixer / wraith-state endpoint"", ""source_basis"": ""scene_index_inference"", ""timeline_band_code"": ""B18"", ""transformation_state"": ""stable""}"	06_CHARACTER_REGISTRY.json + wowas_character_timeline_lattice_UNIFIED_v14.tsv	metadata only; no generated prose
wowas::wrenath_velthane_stillwater	Wrenath Vel'Thane Still-Water		1	he/him			1	25	Resonance	historian / diplomat / Santa Hat	Santa Hat event Book 08 (jock/bandana/hat progression) | floating city diplomat | feature relocated to nose | documents everything through Blood Cello			Sam Gamgee | Bilbo Baggins | Maester Luwin	historian / diplomat / Santa Hat	elevated	Corveth's final reckoning completes. | Sorra's protocol formally established. | Wrenath's record complete through this point.		"{""activity_mode"": ""active"", ""book_function_notes"": ""Corveth's final reckoning completes. | Sorra's protocol formally established. | Wrenath's record complete through this point."", ""book_num"": ""22"", ""book_title"": ""The Last Open Gate"", ""canonical_name"": ""Wrenath Vel'Thane Still-Water"", ""character_code"": ""wowas::wrenath_velthane_stillwater"", ""dimension_overlay"": ""none"", ""faction"": ""Resonance"", ""first_active_scene"": ""B22_002"", ""last_active_scene"": ""B22_R0504"", ""narrative_tier"": ""major_recurring"", ""peril_state"": ""elevated"", ""quest_role"": ""major_recurring"", ""region_code"": ""late_world_thresholds"", ""role_summary"": ""historian / diplomat / Santa Hat"", ""source_basis"": ""scene_index_inference"", ""timeline_band_code"": ""B22"", ""transformation_state"": ""stable""}"	06_CHARACTER_REGISTRY.json + wowas_character_timeline_lattice_UNIFIED_v14.tsv	metadata only; no generated prose
wowas::corveth_ashkoral_darkcurrent	Corveth Ash'Koral Dark-Current		1	he/him			14	25	Ash-Born	faction lieutenant / reckoning arc	triage decision — saved 800 killed 400 — would do it again | Thorn returns Book 14 — his reckoning			Boromir | Jaime Lannister inverse | Nick Fury	faction lieutenant / reckoning arc	elevated	Corveth's final reckoning completes. | Sorra's protocol formally established. | Wrenath's record complete through this point.		"{""activity_mode"": ""active"", ""book_function_notes"": ""Corveth's final reckoning completes. | Sorra's protocol formally established. | Wrenath's record complete through this point."", ""book_num"": ""22"", ""book_title"": ""The Last Open Gate"", ""canonical_name"": ""Corveth Ash'Koral Dark-Current"", ""character_code"": ""wowas::corveth_ashkoral_darkcurrent"", ""dimension_overlay"": ""none"", ""faction"": ""Ash-Born"", ""first_active_scene"": ""B22_001"", ""last_active_scene"": ""B22_R0503"", ""narrative_tier"": ""major_recurring"", ""peril_state"": ""elevated"", ""quest_role"": ""major_recurring"", ""region_code"": ""late_world_thresholds"", ""role_summary"": ""faction lieutenant / reckoning arc"", ""source_basis"": ""scene_index_inference"", ""timeline_band_code"": ""B22"", ""transformation_state"": ""stable""}"	06_CHARACTER_REGISTRY.json + wowas_character_timeline_lattice_UNIFIED_v14.tsv	metadata only; no generated prose
wowas::sorra_marsoLen_thorngrace	Sorra Marso'len Thorn-Grace		1	she/her			13	25	Meridian	healer-ethicist / protocol architect	unnamed casualty returns Book 14 | develops stabilization protocol | ethical limits on Pip — productive tension			Madam Pomfrey | Dr. Crusher | Hawkeye Pierce	healer-ethicist / protocol architect	active	Grief for the one lost in the Silence settles. | Quantum field first practical application. | Ripper transformation resisted: Pip keeps healing both himself and Rolzen.		"{""activity_mode"": ""active"", ""book_function_notes"": ""Grief for the one lost in the Silence settles. | Quantum field first practical application. | Ripper transformation resisted: Pip keeps healing both himself and Rolzen."", ""book_num"": ""16"", ""book_title"": ""The Deepening World"", ""canonical_name"": ""Sorra Marso'len Thorn-Grace"", ""character_code"": ""wowas::sorra_marsoLen_thorngrace"", ""dimension_overlay"": ""none"", ""faction"": ""Meridian"", ""first_active_scene"": """", ""last_active_scene"": """", ""narrative_tier"": ""major_recurring"", ""peril_state"": ""active"", ""quest_role"": ""major_recurring"", ""region_code"": ""neith_border_silence_realms"", ""role_summary"": ""healer-ethicist / protocol architect"", ""source_basis"": ""placement_by_book"", ""timeline_band_code"": ""B16"", ""transformation_state"": ""stable""}"	06_CHARACTER_REGISTRY.json + wowas_character_timeline_lattice_UNIFIED_v14.tsv	metadata only; no generated prose
wowas::oswyn	Oswyn		1	he/him			13	25	Unaffiliated	witness / Mack griever	witnesses all returns | found each other with Reth through shared silence			Sam Gamgee | Neville Longbottom	witness / Mack griever	active	Grief for the one lost in the Silence settles. | Quantum field first practical application. | Ripper transformation resisted: Pip keeps healing both himself and Rolzen.		"{""activity_mode"": ""active"", ""book_function_notes"": ""Grief for the one lost in the Silence settles. | Quantum field first practical application. | Ripper transformation resisted: Pip keeps healing both himself and Rolzen."", ""book_num"": ""16"", ""book_title"": ""The Deepening World"", ""canonical_name"": ""Oswyn"", ""character_code"": ""wowas::oswyn"", ""dimension_overlay"": ""none"", ""faction"": ""Unaffiliated"", ""first_active_scene"": """", ""last_active_scene"": """", ""narrative_tier"": ""major_recurring"", ""peril_state"": ""active"", ""quest_role"": ""major_recurring"", ""region_code"": ""neith_border_silence_realms"", ""role_summary"": ""witness / Mack griever"", ""source_basis"": ""placement_by_book"", ""timeline_band_code"": ""B16"", ""transformation_state"": ""stable""}"	06_CHARACTER_REGISTRY.json + wowas_character_timeline_lattice_UNIFIED_v14.tsv	metadata only; no generated prose
wowas::thorn_ashkoral	Thorn Ash'Koral		1	he/him			14	22	Ash-Born (pre-collapse)	returned / Corveth's reckoning	return forces Corveth's reckoning | not vengeful — just present			Banquo's ghost | Fred Weasley inverse	returned / Corveth's reckoning	active	Thorn Ash'Koral returns: Corveth's reckoning. | Sorra's unnamed casualty returns: protocol development begins. | Rippers identified: Neith's spider-humanoid creatures.		"{""activity_mode"": ""introduced"", ""book_function_notes"": ""Thorn Ash'Koral returns: Corveth's reckoning. | Sorra's unnamed casualty returns: protocol development begins. | Rippers identified: Neith's spider-humanoid creatures."", ""book_num"": ""14"", ""book_title"": ""The Long Reorientation"", ""canonical_name"": ""Thorn Ash'Koral"", ""character_code"": ""wowas::thorn_ashkoral"", ""dimension_overlay"": ""none"", ""faction"": ""Ash-Born (pre-collapse)"", ""first_active_scene"": ""B14_002"", ""last_active_scene"": ""B14_R0447"", ""narrative_tier"": ""major_recurring"", ""peril_state"": ""active"", ""quest_role"": ""major_recurring"", ""region_code"": ""post_diamond_survivor_zones"", ""role_summary"": ""returned / Corveth's reckoning"", ""source_basis"": ""placement_by_book"", ""timeline_band_code"": ""B14"", ""transformation_state"": ""stable""}"	06_CHARACTER_REGISTRY.json + wowas_character_timeline_lattice_UNIFIED_v14.tsv	metadata only; no generated prose
wowas::kyrel_onrylder_ironsong	Kyrel On'Rylder Iron-Song		1	she/her			14	25	Iron Accord	young survivor / future reserve				Neville Longbottom | Ginny Weasley	young survivor / future reserve	active	Thorn Ash'Koral returns: Corveth's reckoning. | Sorra's unnamed casualty returns: protocol development begins. | Rippers identified: Neith's spider-humanoid creatures.		"{""activity_mode"": ""introduced"", ""book_function_notes"": ""Thorn Ash'Koral returns: Corveth's reckoning. | Sorra's unnamed casualty returns: protocol development begins. | Rippers identified: Neith's spider-humanoid creatures."", ""book_num"": ""14"", ""book_title"": ""The Long Reorientation"", ""canonical_name"": ""Kyrel On'Rylder Iron-Song"", ""character_code"": ""wowas::kyrel_onrylder_ironsong"", ""dimension_overlay"": ""none"", ""faction"": ""Iron Accord"", ""first_active_scene"": """", ""last_active_scene"": """", ""narrative_tier"": ""major_recurring"", ""peril_state"": ""active"", ""quest_role"": ""major_recurring"", ""region_code"": ""post_diamond_survivor_zones"", ""role_summary"": ""young survivor / future reserve"", ""source_basis"": ""placement_by_book"", ""timeline_band_code"": ""B14"", ""transformation_state"": ""stable""}"	06_CHARACTER_REGISTRY.json + wowas_character_timeline_lattice_UNIFIED_v14.tsv	metadata only; no generated prose
wowas::daevyn_onrylder_ironsong	Daevyn On'Rylder Iron-Song		1	he/him			13	25	Iron Accord	field medic youth cohort				Hawkeye Pierce young | Bones McCoy	field medic youth cohort	active	Thorn Ash'Koral returns: Corveth's reckoning. | Sorra's unnamed casualty returns: protocol development begins. | Rippers identified: Neith's spider-humanoid creatures.		"{""activity_mode"": ""introduced"", ""book_function_notes"": ""Thorn Ash'Koral returns: Corveth's reckoning. | Sorra's unnamed casualty returns: protocol development begins. | Rippers identified: Neith's spider-humanoid creatures."", ""book_num"": ""14"", ""book_title"": ""The Long Reorientation"", ""canonical_name"": ""Daevyn On'Rylder Iron-Song"", ""character_code"": ""wowas::daevyn_onrylder_ironsong"", ""dimension_overlay"": ""none"", ""faction"": ""Iron Accord"", ""first_active_scene"": """", ""last_active_scene"": """", ""narrative_tier"": ""major_recurring"", ""peril_state"": ""active"", ""quest_role"": ""major_recurring"", ""region_code"": ""post_diamond_survivor_zones"", ""role_summary"": ""field medic youth cohort"", ""source_basis"": ""placement_by_book"", ""timeline_band_code"": ""B14"", ""transformation_state"": ""stable""}"	06_CHARACTER_REGISTRY.json + wowas_character_timeline_lattice_UNIFIED_v14.tsv	metadata only; no generated prose
wowas::elven_onrylder_stonehayne	Elven On'Rylder Stone-Hayne		1	she/her			14	25	Iron Accord	agricultural specialist	'I'll need four days and I'll need to know how many' — complete emotional register				agricultural specialist	active	Thorn Ash'Koral returns: Corveth's reckoning. | Sorra's unnamed casualty returns: protocol development begins. | Rippers identified: Neith's spider-humanoid creatures.		"{""activity_mode"": ""introduced"", ""book_function_notes"": ""Thorn Ash'Koral returns: Corveth's reckoning. | Sorra's unnamed casualty returns: protocol development begins. | Rippers identified: Neith's spider-humanoid creatures."", ""book_num"": ""14"", ""book_title"": ""The Long Reorientation"", ""canonical_name"": ""Elven On'Rylder Stone-Hayne"", ""character_code"": ""wowas::elven_onrylder_stonehayne"", ""dimension_overlay"": ""none"", ""faction"": ""Iron Accord"", ""first_active_scene"": """", ""last_active_scene"": """", ""narrative_tier"": ""major_recurring"", ""peril_state"": ""active"", ""quest_role"": ""major_recurring"", ""region_code"": ""post_diamond_survivor_zones"", ""role_summary"": ""agricultural specialist"", ""source_basis"": ""placement_by_book"", ""timeline_band_code"": ""B14"", ""transformation_state"": ""stable""}"	06_CHARACTER_REGISTRY.json + wowas_character_timeline_lattice_UNIFIED_v14.tsv	metadata only; no generated prose
wowas::verath_onrylder_ashcinder	Verath On'Rylder Ash-Cinder		1	he/him			14	25	Iron Accord	communications relay					communications relay	active	Thorn Ash'Koral returns: Corveth's reckoning. | Sorra's unnamed casualty returns: protocol development begins. | Rippers identified: Neith's spider-humanoid creatures.		"{""activity_mode"": ""introduced"", ""book_function_notes"": ""Thorn Ash'Koral returns: Corveth's reckoning. | Sorra's unnamed casualty returns: protocol development begins. | Rippers identified: Neith's spider-humanoid creatures."", ""book_num"": ""14"", ""book_title"": ""The Long Reorientation"", ""canonical_name"": ""Verath On'Rylder Ash-Cinder"", ""character_code"": ""wowas::verath_onrylder_ashcinder"", ""dimension_overlay"": ""none"", ""faction"": ""Iron Accord"", ""first_active_scene"": """", ""last_active_scene"": """", ""narrative_tier"": ""major_recurring"", ""peril_state"": ""active"", ""quest_role"": ""major_recurring"", ""region_code"": ""post_diamond_survivor_zones"", ""role_summary"": ""communications relay"", ""source_basis"": ""placement_by_book"", ""timeline_band_code"": ""B14"", ""transformation_state"": ""stable""}"	06_CHARACTER_REGISTRY.json + wowas_character_timeline_lattice_UNIFIED_v14.tsv	metadata only; no generated prose
wowas::calla_onrylder_willowjayce	Calla On'Rylder Willow-Jayce		1	she/her			13	25	Iron Accord	elder memory / pre-collapse governance				Minerva McGonagall | Olenna Tyrell	elder memory / pre-collapse governance	active	Thorn Ash'Koral returns: Corveth's reckoning. | Sorra's unnamed casualty returns: protocol development begins. | Rippers identified: Neith's spider-humanoid creatures.		"{""activity_mode"": ""active"", ""book_function_notes"": ""Thorn Ash'Koral returns: Corveth's reckoning. | Sorra's unnamed casualty returns: protocol development begins. | Rippers identified: Neith's spider-humanoid creatures."", ""book_num"": ""14"", ""book_title"": ""The Long Reorientation"", ""canonical_name"": ""Calla On'Rylder Willow-Jayce"", ""character_code"": ""wowas::calla_onrylder_willowjayce"", ""dimension_overlay"": ""none"", ""faction"": ""Iron Accord"", ""first_active_scene"": """", ""last_active_scene"": """", ""narrative_tier"": ""major_recurring"", ""peril_state"": ""active"", ""quest_role"": ""major_recurring"", ""region_code"": ""post_diamond_survivor_zones"", ""role_summary"": ""elder memory / pre-collapse governance"", ""source_basis"": ""placement_by_book"", ""timeline_band_code"": ""B14"", ""transformation_state"": ""stable""}"	06_CHARACTER_REGISTRY.json + wowas_character_timeline_lattice_UNIFIED_v14.tsv	metadata only; no generated prose
wowas::loreth_velthane_darkcurrent	Loreth Vel'Thane Dark-Current		1	he/him			14	25	Resonance	practical researcher					practical researcher	active	Thorn Ash'Koral returns: Corveth's reckoning. | Sorra's unnamed casualty returns: protocol development begins. | Rippers identified: Neith's spider-humanoid creatures.		"{""activity_mode"": ""introduced"", ""book_function_notes"": ""Thorn Ash'Koral returns: Corveth's reckoning. | Sorra's unnamed casualty returns: protocol development begins. | Rippers identified: Neith's spider-humanoid creatures."", ""book_num"": ""14"", ""book_title"": ""The Long Reorientation"", ""canonical_name"": ""Loreth Vel'Thane Dark-Current"", ""character_code"": ""wowas::loreth_velthane_darkcurrent"", ""dimension_overlay"": ""none"", ""faction"": ""Resonance"", ""first_active_scene"": """", ""last_active_scene"": """", ""narrative_tier"": ""major_recurring"", ""peril_state"": ""active"", ""quest_role"": ""major_recurring"", ""region_code"": ""post_diamond_survivor_zones"", ""role_summary"": ""practical researcher"", ""source_basis"": ""placement_by_book"", ""timeline_band_code"": ""B14"", ""transformation_state"": ""stable""}"	06_CHARACTER_REGISTRY.json + wowas_character_timeline_lattice_UNIFIED_v14.tsv	metadata only; no generated prose
wowas::seth_velthane_ironsong	Seth Vel'Thane Iron-Song		1	he/him			13	25	Resonance	cartographer					cartographer	active	Thorn Ash'Koral returns: Corveth's reckoning. | Sorra's unnamed casualty returns: protocol development begins. | Rippers identified: Neith's spider-humanoid creatures.		"{""activity_mode"": ""introduced"", ""book_function_notes"": ""Thorn Ash'Koral returns: Corveth's reckoning. | Sorra's unnamed casualty returns: protocol development begins. | Rippers identified: Neith's spider-humanoid creatures."", ""book_num"": ""14"", ""book_title"": ""The Long Reorientation"", ""canonical_name"": ""Seth Vel'Thane Iron-Song"", ""character_code"": ""wowas::seth_velthane_ironsong"", ""dimension_overlay"": ""none"", ""faction"": ""Resonance"", ""first_active_scene"": """", ""last_active_scene"": """", ""narrative_tier"": ""major_recurring"", ""peril_state"": ""active"", ""quest_role"": ""major_recurring"", ""region_code"": ""post_diamond_survivor_zones"", ""role_summary"": ""cartographer"", ""source_basis"": ""placement_by_book"", ""timeline_band_code"": ""B14"", ""transformation_state"": ""stable""}"	06_CHARACTER_REGISTRY.json + wowas_character_timeline_lattice_UNIFIED_v14.tsv	metadata only; no generated prose
wowas::ithren_velthane_ashcinder	Ithren Vel'Thane Ash-Cinder		1	she/her			13	25	Resonance	sonomancy history keeper				Ollivander | The Ancient One	sonomancy history keeper	active	Thorn Ash'Koral returns: Corveth's reckoning. | Sorra's unnamed casualty returns: protocol development begins. | Rippers identified: Neith's spider-humanoid creatures.		"{""activity_mode"": ""introduced"", ""book_function_notes"": ""Thorn Ash'Koral returns: Corveth's reckoning. | Sorra's unnamed casualty returns: protocol development begins. | Rippers identified: Neith's spider-humanoid creatures."", ""book_num"": ""14"", ""book_title"": ""The Long Reorientation"", ""canonical_name"": ""Ithren Vel'Thane Ash-Cinder"", ""character_code"": ""wowas::ithren_velthane_ashcinder"", ""dimension_overlay"": ""none"", ""faction"": ""Resonance"", ""first_active_scene"": """", ""last_active_scene"": """", ""narrative_tier"": ""major_recurring"", ""peril_state"": ""active"", ""quest_role"": ""major_recurring"", ""region_code"": ""post_diamond_survivor_zones"", ""role_summary"": ""sonomancy history keeper"", ""source_basis"": ""placement_by_book"", ""timeline_band_code"": ""B14"", ""transformation_state"": ""stable""}"	06_CHARACTER_REGISTRY.json + wowas_character_timeline_lattice_UNIFIED_v14.tsv	metadata only; no generated prose
wowas::tavan_velthane_stonehayne	Tavan Vel'Thane Stone-Hayne		1	he/him			14	25	Resonance	mid-generation anchor					mid-generation anchor	active	Thorn Ash'Koral returns: Corveth's reckoning. | Sorra's unnamed casualty returns: protocol development begins. | Rippers identified: Neith's spider-humanoid creatures.		"{""activity_mode"": ""introduced"", ""book_function_notes"": ""Thorn Ash'Koral returns: Corveth's reckoning. | Sorra's unnamed casualty returns: protocol development begins. | Rippers identified: Neith's spider-humanoid creatures."", ""book_num"": ""14"", ""book_title"": ""The Long Reorientation"", ""canonical_name"": ""Tavan Vel'Thane Stone-Hayne"", ""character_code"": ""wowas::tavan_velthane_stonehayne"", ""dimension_overlay"": ""none"", ""faction"": ""Resonance"", ""first_active_scene"": """", ""last_active_scene"": """", ""narrative_tier"": ""major_recurring"", ""peril_state"": ""active"", ""quest_role"": ""major_recurring"", ""region_code"": ""post_diamond_survivor_zones"", ""role_summary"": ""mid-generation anchor"", ""source_basis"": ""placement_by_book"", ""timeline_band_code"": ""B14"", ""transformation_state"": ""stable""}"	06_CHARACTER_REGISTRY.json + wowas_character_timeline_lattice_UNIFIED_v14.tsv	metadata only; no generated prose
wowas::glint	Glint		1	unknown			9	25	deferred_canon_review	witness at choice trap / minor actor					witness at choice trap / minor actor	extreme	Revelation of the Vane: dead spots are the map of what was done. | Boojay paralyzes Pip. Paralysis transmuted into usable force. | Glass Palace = battery. Every surge harvested.		"{""activity_mode"": ""active"", ""book_function_notes"": ""Revelation of the Vane: dead spots are the map of what was done. | Boojay paralyzes Pip. Paralysis transmuted into usable force. | Glass Palace = battery. Every surge harvested."", ""book_num"": ""9"", ""book_title"": ""The Diamond Breaks"", ""canonical_name"": ""Glint"", ""character_code"": ""wowas::glint"", ""dimension_overlay"": ""none"", ""faction"": ""Veil-Walkers"", ""first_active_scene"": """", ""last_active_scene"": """", ""narrative_tier"": ""major_recurring"", ""peril_state"": ""extreme"", ""quest_role"": ""major_recurring"", ""region_code"": ""diamond_world"", ""role_summary"": ""witness at choice trap / minor actor"", ""source_basis"": ""placement_by_book"", ""timeline_band_code"": ""B09"", ""transformation_state"": ""stable""}"	06_CHARACTER_REGISTRY.json + wowas_character_timeline_lattice_UNIFIED_v14.tsv	metadata only; no generated prose
wowas::reth_nullheart	Reth Null-Heart		1	he/him			14	25	Meridian	grief counselor / partial-return analyst	suspects some returned people are not fully returned | processes no one processes him — found Oswyn								{}	06_CHARACTER_REGISTRY.json + wowas_character_timeline_lattice_UNIFIED_v14.tsv	metadata only; no generated prose
wowas::aenwyn	Aenwyn		1	she/her			14	25	Iron Accord	young survivor / Kyrel's co-dependent pair				Lavender Brown					{}	06_CHARACTER_REGISTRY.json + wowas_character_timeline_lattice_UNIFIED_v14.tsv	metadata only; no generated prose
wowas::reval	Reval		1	he/him			14	20	Ash-Born	internal tension with Corveth					internal tension with Corveth	active	Thorn Ash'Koral returns: Corveth's reckoning. | Sorra's unnamed casualty returns: protocol development begins. | Rippers identified: Neith's spider-humanoid creatures.		"{""activity_mode"": ""introduced"", ""book_function_notes"": ""Thorn Ash'Koral returns: Corveth's reckoning. | Sorra's unnamed casualty returns: protocol development begins. | Rippers identified: Neith's spider-humanoid creatures."", ""book_num"": ""14"", ""book_title"": ""The Long Reorientation"", ""canonical_name"": ""Reval"", ""character_code"": ""wowas::reval"", ""dimension_overlay"": ""none"", ""faction"": ""Ash-Born"", ""first_active_scene"": """", ""last_active_scene"": """", ""narrative_tier"": ""major_recurring"", ""peril_state"": ""active"", ""quest_role"": ""major_recurring"", ""region_code"": ""post_diamond_survivor_zones"", ""role_summary"": ""internal tension with Corveth"", ""source_basis"": ""placement_by_book"", ""timeline_band_code"": ""B14"", ""transformation_state"": ""stable""}"	06_CHARACTER_REGISTRY.json + wowas_character_timeline_lattice_UNIFIED_v14.tsv	metadata only; no generated prose
wowas::caera	Caera		1	she/her			13	25	Meridian (Sorra's off-ledger)	off-ledger negotiator				Littlefinger inverse | Nathalie/Lupin					{}	06_CHARACTER_REGISTRY.json + wowas_character_timeline_lattice_UNIFIED_v14.tsv	metadata only; no generated prose
wowas::pethran	Pethran		1	he/him			13	25	Iron Accord / cross-faction	post-collapse physical architect				Hephaestus | Christopher Wren	post-collapse physical architect	active	Thorn Ash'Koral returns: Corveth's reckoning. | Sorra's unnamed casualty returns: protocol development begins. | Rippers identified: Neith's spider-humanoid creatures.		"{""activity_mode"": ""active"", ""book_function_notes"": ""Thorn Ash'Koral returns: Corveth's reckoning. | Sorra's unnamed casualty returns: protocol development begins. | Rippers identified: Neith's spider-humanoid creatures."", ""book_num"": ""14"", ""book_title"": ""The Long Reorientation"", ""canonical_name"": ""Pethran"", ""character_code"": ""wowas::pethran"", ""dimension_overlay"": ""none"", ""faction"": ""Iron Accord / cross-faction"", ""first_active_scene"": """", ""last_active_scene"": """", ""narrative_tier"": ""major_recurring"", ""peril_state"": ""active"", ""quest_role"": ""major_recurring"", ""region_code"": ""post_diamond_survivor_zones"", ""role_summary"": ""post-collapse physical architect"", ""source_basis"": ""placement_by_book"", ""timeline_band_code"": ""B14"", ""transformation_state"": ""stable""}"	06_CHARACTER_REGISTRY.json + wowas_character_timeline_lattice_UNIFIED_v14.tsv	metadata only; no generated prose
wowas::feritha	Feritha		1	she/her			13	25	Iron Accord cross-faction	adult medical intake specialist					adult medical intake specialist	active	Pip emerges. 400 years of consequence visible. | Mack's grotesque form is not yet recognizable. Willow stands. Sap dried on bark — color of old music. | Rolzen's frontline role during the 400 years (revealed through survivor accounts — Rolzen himself not yet found).		"{""activity_mode"": ""introduced"", ""book_function_notes"": ""Pip emerges. 400 years of consequence visible. | Mack's grotesque form is not yet recognizable. Willow stands. Sap dried on bark \u2014 color of old music. | Rolzen's frontline role during the 400 years (revealed through survivor accounts \u2014 Rolzen himself not yet found)."", ""book_num"": ""13"", ""book_title"": ""The Afterwake"", ""canonical_name"": ""Feritha"", ""character_code"": ""wowas::feritha"", ""dimension_overlay"": ""none"", ""faction"": ""Iron Accord cross-faction"", ""first_active_scene"": """", ""last_active_scene"": """", ""narrative_tier"": ""major_recurring"", ""peril_state"": ""active"", ""quest_role"": ""major_recurring"", ""region_code"": ""post_diamond_survivor_zones"", ""role_summary"": ""adult medical intake specialist"", ""source_basis"": ""placement_by_book"", ""timeline_band_code"": ""B13"", ""transformation_state"": ""stable""}"	06_CHARACTER_REGISTRY.json + wowas_character_timeline_lattice_UNIFIED_v14.tsv	metadata only; no generated prose
wowas::selwyn	Selwyn		1	they/them			14	25	Iron Accord	youth cohort emotional support					youth cohort emotional support	active	Thorn Ash'Koral returns: Corveth's reckoning. | Sorra's unnamed casualty returns: protocol development begins. | Rippers identified: Neith's spider-humanoid creatures.		"{""activity_mode"": ""introduced"", ""book_function_notes"": ""Thorn Ash'Koral returns: Corveth's reckoning. | Sorra's unnamed casualty returns: protocol development begins. | Rippers identified: Neith's spider-humanoid creatures."", ""book_num"": ""14"", ""book_title"": ""The Long Reorientation"", ""canonical_name"": ""Selwyn"", ""character_code"": ""wowas::selwyn"", ""dimension_overlay"": ""none"", ""faction"": ""Iron Accord"", ""first_active_scene"": """", ""last_active_scene"": """", ""narrative_tier"": ""major_recurring"", ""peril_state"": ""active"", ""quest_role"": ""major_recurring"", ""region_code"": ""post_diamond_survivor_zones"", ""role_summary"": ""youth cohort emotional support"", ""source_basis"": ""placement_by_book"", ""timeline_band_code"": ""B14"", ""transformation_state"": ""stable""}"	06_CHARACTER_REGISTRY.json + wowas_character_timeline_lattice_UNIFIED_v14.tsv	metadata only; no generated prose
wowas::renath	Renath		1	he/him			14	25	Iron Accord / cross-faction	logistics coordinator					logistics coordinator	active	Thorn Ash'Koral returns: Corveth's reckoning. | Sorra's unnamed casualty returns: protocol development begins. | Rippers identified: Neith's spider-humanoid creatures.		"{""activity_mode"": ""introduced"", ""book_function_notes"": ""Thorn Ash'Koral returns: Corveth's reckoning. | Sorra's unnamed casualty returns: protocol development begins. | Rippers identified: Neith's spider-humanoid creatures."", ""book_num"": ""14"", ""book_title"": ""The Long Reorientation"", ""canonical_name"": ""Renath"", ""character_code"": ""wowas::renath"", ""dimension_overlay"": ""none"", ""faction"": ""Iron Accord / cross-faction"", ""first_active_scene"": """", ""last_active_scene"": """", ""narrative_tier"": ""major_recurring"", ""peril_state"": ""active"", ""quest_role"": ""major_recurring"", ""region_code"": ""post_diamond_survivor_zones"", ""role_summary"": ""logistics coordinator"", ""source_basis"": ""placement_by_book"", ""timeline_band_code"": ""B14"", ""transformation_state"": ""stable""}"	06_CHARACTER_REGISTRY.json + wowas_character_timeline_lattice_UNIFIED_v14.tsv	metadata only; no generated prose
wowas::broker_teth_unmarked	Broker Teth Unmarked		2	he/him			13	20	Unbound	cross-faction resource broker / quest-giver				Han Solo | Tyrion Lannister					{}	06_CHARACTER_REGISTRY.json + wowas_character_timeline_lattice_UNIFIED_v14.tsv	metadata only; no generated prose
wowas::keeper_olvath_archive	Keeper Olvath of the Resonance Archive		2	he/him			13	25	Resonance	physical archive keeper / written records									{}	06_CHARACTER_REGISTRY.json + wowas_character_timeline_lattice_UNIFIED_v14.tsv	metadata only; no generated prose
wowas::trademaster_saven_coalfire	Trade Master Saven Coalfire		2	she/her			14	22	Iron Accord	supply chain coordinator				Lobelia Sackville-Baggins reformed | Molly Weasley market mode					{}	06_CHARACTER_REGISTRY.json + wowas_character_timeline_lattice_UNIFIED_v14.tsv	metadata only; no generated prose
wowas::healer_thresh_nightbloom	Healer Thresh Nightbloom		2	they/them			14	25	Veil-Walkers	dimensional medicine specialist				The Ancient One | River Tam					{}	06_CHARACTER_REGISTRY.json + wowas_character_timeline_lattice_UNIFIED_v14.tsv	metadata only; no generated prose
wowas::sentry_vreth_ashkoral	Sentry Captain Vreth Ash'Koral		2	she/her			13	20	Ash-Born	sentry captain				Brienne of Tarth | Sergeant Carter inverse					{}	06_CHARACTER_REGISTRY.json + wowas_character_timeline_lattice_UNIFIED_v14.tsv	metadata only; no generated prose
wowas::highwarden_drest	High Warden Drest Ashkoral-Prime		2	he/him			13	21	Ash-Born	faction leader									{}	06_CHARACTER_REGISTRY.json + wowas_character_timeline_lattice_UNIFIED_v14.tsv	metadata only; no generated prose
wowas::accord_chair_peln	Accord Chair Peln Ironspoke		2	he/him			13	20	Iron Accord	governance chair				Atticus Finch | Arthur Weasley					{}	06_CHARACTER_REGISTRY.json + wowas_character_timeline_lattice_UNIFIED_v14.tsv	metadata only; no generated prose
wowas::resonance_elder_maev	Resonance Council Elder Maev		2	she/her			13	23	Resonance	council elder / sonomancy policy	classified certain sonomancy frequencies as forbidden — Pip uses them constantly			Yoda inverse | Dumbledore					{}	06_CHARACTER_REGISTRY.json + wowas_character_timeline_lattice_UNIFIED_v14.tsv	metadata only; no generated prose
wowas::meridian_archhealer_sova	Meridian Arch-Healer Sova		2	they/them			13	22	Meridian	arch-healer									{}	06_CHARACTER_REGISTRY.json + wowas_character_timeline_lattice_UNIFIED_v14.tsv	metadata only; no generated prose
wowas::ferryman_calix_grey	Ferryman Calix the Grey		2	he/him			14	25	Unaffiliated	cross-world liminal guide	price is always a truth, not money			Charon | Aslan as door-warden					{}	06_CHARACTER_REGISTRY.json + wowas_character_timeline_lattice_UNIFIED_v14.tsv	metadata only; no generated prose
wowas::voice_caster_milo_stillsound	Voice Caster Milo Stillsound		2	he/him			14	25	Resonance	information broadcaster									{}	06_CHARACTER_REGISTRY.json + wowas_character_timeline_lattice_UNIFIED_v14.tsv	metadata only; no generated prose
wowas::alex_market_guardian	Alex		2	unknown			2	2	Unaffiliated	entrusts Daisy May and Majiskii to Pip	brief — the act of entrustment IS the character				entrusts Daisy May and Majiskii to Pip	active	Alex entrusts Daisy May and Majiskii to Pip at the floating market. | Boojay: wounded jackrabbit in the market. Healing that does not hold. | Boojay: first sign of trouble — cold cruelty flash.		"{""activity_mode"": ""introduced"", ""book_function_notes"": ""Alex entrusts Daisy May and Majiskii to Pip at the floating market. | Boojay: wounded jackrabbit in the market. Healing that does not hold. | Boojay: first sign of trouble \u2014 cold cruelty flash."", ""book_num"": ""2"", ""book_title"": ""The Diary and the Blue Light"", ""canonical_name"": ""Alex"", ""character_code"": ""wowas::alex_market_guardian"", ""dimension_overlay"": ""none"", ""faction"": ""Unaffiliated"", ""first_active_scene"": """", ""last_active_scene"": """", ""narrative_tier"": ""secondary_recurring"", ""peril_state"": ""active"", ""quest_role"": ""major_recurring"", ""region_code"": ""diamond_world"", ""role_summary"": ""entrusts Daisy May and Majiskii to Pip"", ""source_basis"": ""placement_by_book"", ""timeline_band_code"": ""B02"", ""transformation_state"": ""stable""}"	06_CHARACTER_REGISTRY.json + wowas_character_timeline_lattice_UNIFIED_v14.tsv	metadata only; no generated prose
wowas::eyeless_city_governor	Eyeless City Governor		2	they/them			8	8	Floating City (independent)	governor of the floating city above the pit	agrees to Rolzen's field trip | treats Santa hat as structural crown								{}	06_CHARACTER_REGISTRY.json + wowas_character_timeline_lattice_UNIFIED_v14.tsv	metadata only; no generated prose
wowas::silence_death_warden	Unnamed Warden Friend (dies Book 15)		1	deferred_canon_review			1	15	Diamond survivor	core party member / dies in the Silence	NOT Rolzen, NOT Xeth, NOT Rylos | warm humor of the group | suggest Vel'Thane lineage				core party member / dies in the Silence	extreme	Pip finds Rolzen in feral mutilated state. Mistakes him for a ripper. | Ripper attack: Pip recreates diamond spell in their cell. Fights. Hog-ties Rolzen with whip. Raises diamond shield. Rolzen loves him from this moment. | Silence descends: absolute dark. Thick black.		"{""activity_mode"": ""introduced"", ""book_function_notes"": ""Pip finds Rolzen in feral mutilated state. Mistakes him for a ripper. | Ripper attack: Pip recreates diamond spell in their cell. Fights. Hog-ties Rolzen with whip. Raises diamond shield. Rolzen loves him from this moment. | Silence descends: absolute dark. Thick black."", ""book_num"": ""15"", ""book_title"": ""Suffocating in Silence"", ""canonical_name"": ""Unnamed Warden Friend (dies Book 15)"", ""character_code"": ""wowas::silence_death_warden"", ""dimension_overlay"": ""none"", ""faction"": ""Diamond survivor"", ""first_active_scene"": """", ""last_active_scene"": """", ""narrative_tier"": ""major_recurring"", ""peril_state"": ""extreme"", ""quest_role"": ""major_recurring"", ""region_code"": ""neith_border_silence_realms"", ""role_summary"": ""core party member / dies in the Silence"", ""source_basis"": ""placement_by_book"", ""timeline_band_code"": ""B15"", ""transformation_state"": ""stable""}"	06_CHARACTER_REGISTRY.json + wowas_character_timeline_lattice_UNIFIED_v14.tsv	metadata only; no generated prose
wowas::ripper_prime	Ripper-Prime		2	it/its			14	21	Neith's forces	lead Ripper / chief enforcer				Ungoliant | The Thing					{}	06_CHARACTER_REGISTRY.json + wowas_character_timeline_lattice_UNIFIED_v14.tsv	metadata only; no generated prose
wowas::cockatrice_king	King of the Cockatrice		1	it/its			1	10	none	monster antagonist / corrupted wizard	true form was once a powerful wizard — not yet revealed Book 04 | attacks defenseless Mack Book 10				monster antagonist / corrupted wizard	extreme	The Discard: Boojay's narcissistic disposal. | Mack: 40Hz → 42Hz. Opens portal. Leaves himself defenseless. | Cockatrice: attacks Mack immediately.		"{""activity_mode"": ""active"", ""book_function_notes"": ""The Discard: Boojay's narcissistic disposal. | Mack: 40Hz \u2192 42Hz. Opens portal. Leaves himself defenseless. | Cockatrice: attacks Mack immediately."", ""book_num"": ""10"", ""book_title"": ""Mack Falls"", ""canonical_name"": ""King of the Cockatrice"", ""character_code"": ""wowas::cockatrice_king"", ""dimension_overlay"": ""none"", ""faction"": ""none"", ""first_active_scene"": ""B10_003"", ""last_active_scene"": ""B10_R0634"", ""narrative_tier"": ""major_recurring"", ""peril_state"": ""extreme"", ""quest_role"": ""opposition"", ""region_code"": ""post_diamond_survivor_zones"", ""role_summary"": ""monster antagonist / corrupted wizard"", ""source_basis"": ""placement_by_book"", ""timeline_band_code"": ""B10"", ""transformation_state"": ""stable""}"	06_CHARACTER_REGISTRY.json + wowas_character_timeline_lattice_UNIFIED_v14.tsv	metadata only; no generated prose
